id,original,selected,suggestion_A,suggestion_B,winner_A_B_tie,reason
test-00000-error,"The box was painted purple. Later, Ben carried the blue box. Its color had not changed. A friend was waiting.",blue,"The box was painted purple. Later, Ben carried the blue box. Its color had not changed. A friend was waiting.","The box was painted purple. Later, Ben carried the blue box. Its color had not changed. A friend was waiting.",,
test-00000-clean,"The box was painted purple. Later, Ben carried the purple box. Its color had not changed. A friend was waiting.",purple,"The box was painted purple. Later, Ben carried the purple box. Its color had not changed. A friend was waiting.","The box was painted purple. Later, Ben carried the purple box. Its color had not changed. A friend was waiting.",,
test-00001-error,Jack placed a toy beside the desk. That toy remained near the desk. Nobody had moved it. The sun was shining.,near,Jack placed a toy beside the desk. That toy remained in the desk. Nobody had moved it. The sun was shining.,Jack placed a toy beside the desk. That toy remained near the desk. Nobody had moved it. The sun was shining.,,
test-00001-clean,Jack placed a toy beside the desk. That toy remained beside the desk. Nobody had moved it. The sun was shining.,beside,Jack placed a toy beside the desk. That toy remained beside the desk. Nobody had moved it. The sun was shining.,Jack placed a toy beside the desk. That toy remained in the desk. Nobody had moved it. The sun was shining.,,
test-00002-error,"One day, Alex won a fun game. At that moment, Alex seemed sad. There was a big smile. It was a quiet day.",sad,"One day, Alex won a fun game. At that moment, Alex seemed sad. There was a big smile. It was a quiet day.","One day, Alex won a fun game. At that moment, Alex seemed very happy. There was a big smile. It was a quiet day.",,
test-00002-clean,"One day, Alex won a fun game. At that moment, Alex seemed happy. There was a big smile. It was a quiet day.",happy,"One day, Alex won a fun game. At that moment, Alex seemed happy. There was a big smile. It was a quiet day.","One day, Alex won a fun game. At that moment, Alex seemed very happy. There was a big smile. It was a quiet day.",,
test-00003-error,"One day, Leo got caught in the rain. At that moment, Leo seemed dry. Water dripped from the coat. It was early in the morning.",dry,"One day, Leo got caught in the rain. At that moment, Leo seemed embarrassed. Water dripped from the coat. It was early in the morning.","One day, Leo got caught in the rain. At that moment, Leo seemed dry. Water dripped from the coat. It was early in the morning.",,
test-00003-clean,"One day, Leo got caught in the rain. At that moment, Leo seemed wet. Water dripped from the coat. It was early in the morning.",wet,"One day, Leo got caught in the rain. At that moment, Leo seemed wet. Water dripped from the coat. It was early in the morning.","One day, Leo got caught in the rain. At that moment, Leo seemed embarrassed. Water dripped from the coat. It was early in the morning.",,
test-00004-error,Two children went out together. She found a little ball. It was early in the morning.,She,Two children went out together. She found a little ball. It was early in the morning.,Two children went out together. They found a little ball. It was early in the morning.,,
test-00004-clean,Two children went out together. They found a little ball. It was early in the morning.,They,Two children went out together. They found a little ball. It was early in the morning.,Two children went out together. They found a little ball. It was early in the morning.,,
test-00005-error,Rose found a egg for a friend. The sun was shining.,a,Rose found a soft egg for a friend. The sun was shining.,Rose found a egg for a friend. The sun was shining.,,
test-00005-clean,Rose found an egg for a friend. The sun was shining.,an,Rose found a soft egg for a friend. The sun was shining.,Rose found an egg for a friend. The sun was shining.,,
test-00006-error,"The ball was painted pink. Later, Zoe carried the red ball. Its color had not changed. The sun was shining.",red,"The ball was painted pink. Later, Zoe carried the red ball. Its color had not changed. The sun was shining.","The ball was painted pink. Later, Zoe carried the big red ball. Its color had not changed. The sun was shining.",,
test-00006-clean,"The ball was painted pink. Later, Zoe carried the pink ball. Its color had not changed. The sun was shining.",pink,"The ball was painted pink. Later, Zoe carried the pink ball. Its color had not changed. The sun was shining.","The ball was painted pink. Later, Zoe carried the big red ball. Its color had not changed. The sun was shining.",,
test-00007-error,Ana placed a shoe behind the desk. That shoe remained above the desk. Nobody had moved it.,above,Ana placed a shoe behind the desk. That shoe remained above the desk. Nobody had moved it.,Ana placed a shoe behind the desk. That shoe remained on the desk. Nobody had moved it.,,
test-00007-clean,Ana placed a shoe behind the desk. That shoe remained behind the desk. Nobody had moved it.,behind,Ana placed a shoe behind the desk. That shoe remained behind the desk. Nobody had moved it.,Ana placed a shoe behind the desk. That shoe remained on the desk. Nobody had moved it.,,
test-00008-error,"After lunch, Finn lost a favorite toy. At that moment, Finn seemed happy. Tears ran down the little face. The sun was shining.",happy,"After lunch, Finn lost a favorite toy. At that moment, Finn seemed happy. Tears ran down the little face. The sun was shining.","After lunch, Finn lost a favorite toy. At that moment, Finn seemed very sad. Tears ran down the little face. The sun was shining.",,
test-00008-clean,"After lunch, Finn lost a favorite toy. At that moment, Finn seemed sad. Tears ran down the little face. The sun was shining.",sad,"After lunch, Finn lost a favorite toy. At that moment, Finn seemed very sad. Tears ran down the little face. The sun was shining.","After lunch, Finn lost a favorite toy. At that moment, Finn seemed sad. Tears ran down the little face. The sun was shining.",,
test-00009-error,"After lunch, Lily turned off the only lamp. At that moment, the room seemed bright. There was no light in the room. The sun was shining.",bright,"After lunch, Lily turned off the only lamp. At that moment, the room seemed very dark. There was no light in the room. The sun was shining.","After lunch, Lily turned off the only lamp. At that moment, the room seemed bright. There was no light in the room. The sun was shining.",,
test-00009-clean,"After lunch, Lily turned off the only lamp. At that moment, the room seemed dark. There was no light in the room. The sun was shining.",dark,"After lunch, Lily turned off the only lamp. At that moment, the room seemed dark. There was no light in the room. The sun was shining.","After lunch, Lily turned off the only lamp. At that moment, the room seemed very dark. There was no light in the room. The sun was shining.",,
test-00010-error,Alex and two friends came by. She found a little ball. It was a quiet day.,She,Alex and two friends came by. They found a little ball. It was a quiet day.,Alex and two friends came by. She found a little ball. It was a quiet day.,,
test-00010-clean,Alex and two friends came by. They found a little ball. It was a quiet day.,They,Alex and two friends came by. They found a little ball. It was a quiet day.,Alex and two friends came by. They found a little ball. It was a quiet day.,,
test-00011-error,"Each day, Tom go in the park.",go,"Each day, Tom go in the park.","Each day, Tom loved playing in the park.",,
test-00011-clean,"Each day, Tom goes in the park.",goes,"Each day, Tom loved playing in the park.","Each day, Tom goes in the park.",,
test-00012-error,"Ben chose the white shirt. Later, Ben carried the pink shirt. Its color had not changed. The sun was shining.",pink,"Ben chose the white shirt. Later, Ben carried the pink shirt. Its color had not changed. The sun was shining.","Ben chose the white shirt. Later, Ben carried the blue shirt. Its color had not changed. The sun was shining.",,
test-00012-clean,"Ben chose the white shirt. Later, Ben carried the white shirt. Its color had not changed. The sun was shining.",white,"Ben chose the white shirt. Later, Ben carried the white shirt. Its color had not changed. The sun was shining.","Ben chose the white shirt. Later, Ben carried the blue shirt. Its color had not changed. The sun was shining.",,
test-00013-error,Leo placed a bag behind the bed. That bag remained beside the bed. Nobody had moved it. A little bird sang nearby.,beside,Leo placed a bag behind the bed. That bag remained beside the bed. Nobody had moved it. A little bird sang nearby.,Leo placed a bag behind the bed. That bag remained on the bed. Nobody had moved it. A little bird sang nearby.,,
test-00013-clean,Leo placed a bag behind the bed. That bag remained behind the bed. Nobody had moved it. A little bird sang nearby.,behind,Leo placed a bag behind the bed. That bag remained on the bed. Nobody had moved it. A little bird sang nearby.,Leo placed a bag behind the bed. That bag remained behind the bed. Nobody had moved it. A little bird sang nearby.,,
test-00014-error,"One day, Lucy lost a favorite toy. At that moment, Lucy seemed happy. Tears ran down the little face.",happy,"One day, Lucy lost a favorite toy. At that moment, Lucy seemed happy. Tears ran down the little face.","One day, Lucy lost a favorite toy. At that moment, Lucy seemed very sad. Tears ran down the little face.",,
test-00014-clean,"One day, Lucy lost a favorite toy. At that moment, Lucy seemed sad. Tears ran down the little face.",sad,"One day, Lucy lost a favorite toy. At that moment, Lucy seemed very sad. Tears ran down the little face.","One day, Lucy lost a favorite toy. At that moment, Lucy seemed sad. Tears ran down the little face.",,
test-00015-error,"After lunch, Tom emptied a box completely. At that moment, the box seemed full. There was nothing left inside.",full,"After lunch, Tom emptied a box completely. At that moment, the box seemed full. There was nothing left inside.","After lunch, Tom emptied a box completely. At that moment, the box seemed to change. There was nothing left inside.",,
test-00015-clean,"After lunch, Tom emptied a box completely. At that moment, the box seemed empty. There was nothing left inside.",empty,"After lunch, Tom emptied a box completely. At that moment, the box seemed to change. There was nothing left inside.","After lunch, Tom emptied a box completely. At that moment, the box seemed empty. There was nothing left inside.",,
test-00016-error,Max and two friends came by. She found a little ball. The sun was shining.,She,Max and two friends came by. They found a little ball. The sun was shining.,Max and two friends came by. She found a little ball. The sun was shining.,,
test-00016-clean,Max and two friends came by. They found a little ball. The sun was shining.,They,Max and two friends came by. They found a little ball. The sun was shining.,Max and two friends came by. They found a little ball. The sun was shining.,,
test-00017-error,"Last night, Max play before going home. A friend was waiting.",play,"Last night, Max play before going home. A friend was waiting.","Last night, Max was ready before going home. A friend was waiting.",,
test-00017-clean,"Last night, Max played before going home. A friend was waiting.",played,"Last night, Max was ready before going home. A friend was waiting.","Last night, Max played before going home. A friend was waiting.",,
test-00018-error,"Ben chose the yellow hat. Later, Ben carried the black hat. Its color had not changed. A little bird sang nearby.",black,"Ben chose the yellow hat. Later, Ben carried the yellow hat. Its color had not changed. A little bird sang nearby.","Ben chose the yellow hat. Later, Ben carried the black hat. Its color had not changed. A little bird sang nearby.",,
test-00018-clean,"Ben chose the yellow hat. Later, Ben carried the yellow hat. Its color had not changed. A little bird sang nearby.",yellow,"Ben chose the yellow hat. Later, Ben carried the yellow hat. Its color had not changed. A little bird sang nearby.","Ben chose the yellow hat. Later, Ben carried the yellow hat. Its color had not changed. A little bird sang nearby.",,
test-00019-error,Ana placed a bag near the table. That bag remained above the table. Nobody had moved it. A little bird sang nearby.,above,Ana placed a bag near the table. That bag remained above the table. Nobody had moved it. A little bird sang nearby.,Ana placed a bag near the table. That bag remained on the table. Nobody had moved it. A little bird sang nearby.,,
test-00019-clean,Ana placed a bag near the table. That bag remained near the table. Nobody had moved it. A little bird sang nearby.,near,Ana placed a bag near the table. That bag remained on the table. Nobody had moved it. A little bird sang nearby.,Ana placed a bag near the table. That bag remained near the table. Nobody had moved it. A little bird sang nearby.,,
test-00020-error,"One day, Ella had not eaten all day. At that moment, Ella seemed full. The empty stomach growled. A friend was waiting.",full,"One day, Ella had not eaten all day. At that moment, Ella seemed very sad. The empty stomach growled. A friend was waiting.","One day, Ella had not eaten all day. At that moment, Ella seemed full. The empty stomach growled. A friend was waiting.",,
test-00020-clean,"One day, Ella had not eaten all day. At that moment, Ella seemed hungry. The empty stomach growled. A friend was waiting.",hungry,"One day, Ella had not eaten all day. At that moment, Ella seemed hungry. The empty stomach growled. A friend was waiting.","One day, Ella had not eaten all day. At that moment, Ella seemed very sad. The empty stomach growled. A friend was waiting.",,
test-00021-error,"One day, Ella sat by a warm fire. At that moment, Ella seemed cold. The fire gave off plenty of heat. It was a quiet day.",cold,"One day, Ella sat by a warm fire. At that moment, Ella seemed very happy. The fire gave off plenty of heat. It was a quiet day.","One day, Ella sat by a warm fire. At that moment, Ella seemed cold. The fire gave off plenty of heat. It was a quiet day.",,
test-00021-clean,"One day, Ella sat by a warm fire. At that moment, Ella seemed warm. The fire gave off plenty of heat. It was a quiet day.",warm,"One day, Ella sat by a warm fire. At that moment, Ella seemed very happy. The fire gave off plenty of heat. It was a quiet day.","One day, Ella sat by a warm fire. At that moment, Ella seemed warm. The fire gave off plenty of heat. It was a quiet day.",,
test-00022-error,A girl named Mia came by. He found a little ball. A little bird sang nearby.,He,A girl named Mia came by. He found a little ball. A little bird sang nearby.,A girl named Mia came by. She had found a little ball. A little bird sang nearby.,,
test-00022-clean,A girl named Mia came by. She found a little ball. A little bird sang nearby.,She,A girl named Mia came by. She found a little ball. A little bird sang nearby.,A girl named Mia came by. She had found a little ball. A little bird sang nearby.,,
test-00023-error,Those boys was very tired. The sun was shining.,was,Those boys were very tired. The sun was shining.,Those boys was very tired. The sun was shining.,,
test-00023-clean,Those boys were very tired. The sun was shining.,were,Those boys were very tired. The sun was shining.,Those boys were very tired. The sun was shining.,,
test-00024-error,"The ball was painted green. Later, Tom carried the red ball. Its color had not changed. It was a quiet day.",red,"The ball was painted green. Later, Tom carried the red ball. Its color had not changed. It was a quiet day.","The ball was painted green. Later, Tom carried the red ball. Its color had not changed. It was a quiet day.",,
test-00024-clean,"The ball was painted green. Later, Tom carried the green ball. Its color had not changed. It was a quiet day.",green,"The ball was painted green. Later, Tom carried the green ball. Its color had not changed. It was a quiet day.","The ball was painted green. Later, Tom carried the green ball. Its color had not changed. It was a quiet day.",,
test-00025-error,The box lay beside the tree. That box remained under the tree. Nobody had moved it. The sun was shining.,under,The box lay beside the tree. That box remained under the tree. Nobody had moved it. The sun was shining.,The box lay beside the tree. That box remained in the tree. Nobody had moved it. The sun was shining.,,
test-00025-clean,The box lay beside the tree. That box remained beside the tree. Nobody had moved it. The sun was shining.,beside,The box lay beside the tree. That box remained in the tree. Nobody had moved it. The sun was shining.,The box lay beside the tree. That box remained beside the tree. Nobody had moved it. The sun was shining.,,
test-00026-error,"After lunch, Ella had not eaten all day. At that moment, Ella seemed full. The empty stomach growled.",full,"After lunch, Ella had not eaten all day. At that moment, Ella seemed full. The empty stomach growled.","After lunch, Ella had not eaten all day. At that moment, Ella seemed very sad. The empty stomach growled.",,
test-00026-clean,"After lunch, Ella had not eaten all day. At that moment, Ella seemed hungry. The empty stomach growled.",hungry,"After lunch, Ella had not eaten all day. At that moment, Ella seemed hungry. The empty stomach growled.","After lunch, Ella had not eaten all day. At that moment, Ella seemed very sad. The empty stomach growled.",,
test-00027-error,"After lunch, Ana turned off the only lamp. At that moment, the room seemed bright. There was no light in the room. The sun was shining.",bright,"After lunch, Ana turned off the only lamp. At that moment, the room seemed safe. There was no light in the room. The sun was shining.","After lunch, Ana turned off the only lamp. At that moment, the room seemed bright. There was no light in the room. The sun was shining.",,
test-00027-clean,"After lunch, Ana turned off the only lamp. At that moment, the room seemed dark. There was no light in the room. The sun was shining.",dark,"After lunch, Ana turned off the only lamp. At that moment, the room seemed dark. There was no light in the room. The sun was shining.","After lunch, Ana turned off the only lamp. At that moment, the room seemed dark. There was no light in the room. The sun was shining.",,
test-00028-error,A girl named Rose came by. He found a little ball. It was early in the morning.,He,A girl named Rose came by. He found a little ball. It was early in the morning.,A girl named Rose came by. She had found a little ball. It was early in the morning.,,
test-00028-clean,A girl named Rose came by. She found a little ball. It was early in the morning.,She,A girl named Rose came by. She had found a little ball. It was early in the morning.,A girl named Rose came by. She found a little ball. It was early in the morning.,,
test-00029-error,"Last week, Sam eat before going home.",eat,"Last week, Sam never before going home.","Last week, Sam eat before going home.",,
test-00029-clean,"Last week, Sam ate before going home.",ate,"Last week, Sam never before going home.","Last week, Sam ate before going home.",,
test-00030-error,"The box was painted red. Later, Max carried the black box. Its color had not changed. A little bird sang nearby.",black,"The box was painted red. Later, Max carried the blue box. Its color had not changed. A little bird sang nearby.","The box was painted red. Later, Max carried the black box. Its color had not changed. A little bird sang nearby.",,
test-00030-clean,"The box was painted red. Later, Max carried the red box. Its color had not changed. A little bird sang nearby.",red,"The box was painted red. Later, Max carried the red box. Its color had not changed. A little bird sang nearby.","The box was painted red. Later, Max carried the blue box. Its color had not changed. A little bird sang nearby.",,
test-00031-error,Mia placed a bag behind the desk. That bag remained beside the desk. Nobody had moved it. The sun was shining.,beside,Mia placed a bag behind the desk. That bag remained beside the desk. Nobody had moved it. The sun was shining.,Mia placed a bag behind the desk. That bag remained on the desk. Nobody had moved it. The sun was shining.,,
test-00031-clean,Mia placed a bag behind the desk. That bag remained behind the desk. Nobody had moved it. The sun was shining.,behind,Mia placed a bag behind the desk. That bag remained on the desk. Nobody had moved it. The sun was shining.,Mia placed a bag behind the desk. That bag remained behind the desk. Nobody had moved it. The sun was shining.,,
test-00032-error,"After lunch, Lucy had not eaten all day. At that moment, Lucy seemed full. The empty stomach growled. The sun was shining.",full,"After lunch, Lucy had not eaten all day. At that moment, Lucy seemed very sad. The empty stomach growled. The sun was shining.","After lunch, Lucy had not eaten all day. At that moment, Lucy seemed full. The empty stomach growled. The sun was shining.",,
test-00032-clean,"After lunch, Lucy had not eaten all day. At that moment, Lucy seemed hungry. The empty stomach growled. The sun was shining.",hungry,"After lunch, Lucy had not eaten all day. At that moment, Lucy seemed very sad. The empty stomach growled. The sun was shining.","After lunch, Lucy had not eaten all day. At that moment, Lucy seemed hungry. The empty stomach growled. The sun was shining.",,
test-00033-error,"One day, Lily filled a box to the top. At that moment, the box seemed empty. There was no room for anything else. A friend was waiting.",empty,"One day, Lily filled a box to the top. At that moment, the box seemed very empty. There was no room for anything else. A friend was waiting.","One day, Lily filled a box to the top. At that moment, the box seemed empty. There was no room for anything else. A friend was waiting.",,
test-00033-clean,"One day, Lily filled a box to the top. At that moment, the box seemed full. There was no room for anything else. A friend was waiting.",full,"One day, Lily filled a box to the top. At that moment, the box seemed very empty. There was no room for anything else. A friend was waiting.","One day, Lily filled a box to the top. At that moment, the box seemed full. There was no room for anything else. A friend was waiting.",,
test-00034-error,Two children went out together. She found a little ball. A little bird sang nearby.,She,Two children went out together. They found a little ball. A little bird sang nearby.,Two children went out together. She found a little ball. A little bird sang nearby.,,
test-00034-clean,Two children went out together. They found a little ball. A little bird sang nearby.,They,Two children went out together. They found a little ball. A little bird sang nearby.,Two children went out together. They found a little ball. A little bird sang nearby.,,
test-00035-error,Finn drew a elephant for a friend.,a,Finn drew a colorful elephant for a friend.,Finn drew a elephant for a friend.,,
test-00035-clean,Finn drew an elephant for a friend.,an,Finn drew an elephant for a friend.,Finn drew an elephant for a friend.,,
test-00036-error,"The hat was painted purple. Later, Mia carried the pink hat. Its color had not changed. A friend was waiting.",pink,"The hat was painted purple. Later, Mia carried the pink hat. Its color had not changed. A friend was waiting.","The hat was painted purple. Later, Mia carried the red hat. Its color had not changed. A friend was waiting.",,
test-00036-clean,"The hat was painted purple. Later, Mia carried the purple hat. Its color had not changed. A friend was waiting.",purple,"The hat was painted purple. Later, Mia carried the purple hat. Its color had not changed. A friend was waiting.","The hat was painted purple. Later, Mia carried the red hat. Its color had not changed. A friend was waiting.",,
test-00037-error,Sam placed a ball under the tree. That ball remained beside the tree. Nobody had moved it. The sun was shining.,beside,Sam placed a ball under the tree. That ball remained beside the tree. Nobody had moved it. The sun was shining.,Sam placed a ball under the tree. That ball remained in the tree. Nobody had moved it. The sun was shining.,,
test-00037-clean,Sam placed a ball under the tree. That ball remained under the tree. Nobody had moved it. The sun was shining.,under,Sam placed a ball under the tree. That ball remained under the tree. Nobody had moved it. The sun was shining.,Sam placed a ball under the tree. That ball remained in the tree. Nobody had moved it. The sun was shining.,,
test-00038-error,"One day, Jack heard a scary noise. At that moment, Jack seemed calm. Both hands shook with fear.",calm,"One day, Jack heard a scary noise. At that moment, Jack seemed very scared. Both hands shook with fear.","One day, Jack heard a scary noise. At that moment, Jack seemed calm. Both hands shook with fear.",,
test-00038-clean,"One day, Jack heard a scary noise. At that moment, Jack seemed scared. Both hands shook with fear.",scared,"One day, Jack heard a scary noise. At that moment, Jack seemed very scared. Both hands shook with fear.","One day, Jack heard a scary noise. At that moment, Jack seemed scared. Both hands shook with fear.",,
test-00039-error,"After lunch, Sam turned off the only lamp. At that moment, the room seemed bright. There was no light in the room. The sun was shining.",bright,"After lunch, Sam turned off the only lamp. At that moment, the room seemed different. There was no light in the room. The sun was shining.","After lunch, Sam turned off the only lamp. At that moment, the room seemed bright. There was no light in the room. The sun was shining.",,
test-00039-clean,"After lunch, Sam turned off the only lamp. At that moment, the room seemed dark. There was no light in the room. The sun was shining.",dark,"After lunch, Sam turned off the only lamp. At that moment, the room seemed different. There was no light in the room. The sun was shining.","After lunch, Sam turned off the only lamp. At that moment, the room seemed dark. There was no light in the room. The sun was shining.",,
test-00040-error,"Rose, a girl, went out. He found a little ball.",He,"Rose, a girl, went out. She found a little ball.","Rose, a girl, went out. He found a little ball.",,
test-00040-clean,"Rose, a girl, went out. She found a little ball.",She,"Rose, a girl, went out. She found a little ball.","Rose, a girl, went out. She found a little ball.",,
test-00041-error,Lucy found a umbrella for a friend.,a,Lucy found a umbrella for a friend.,Lucy found a pink umbrella for a friend.,,
test-00041-clean,Lucy found an umbrella for a friend.,an,Lucy found a pink umbrella for a friend.,Lucy found an umbrella for a friend.,,
test-00042-error,"The kite was painted red. Later, Lily carried the black kite. Its color had not changed. It was early in the morning.",black,"The kite was painted red. Later, Lily carried the black kite. Its color had not changed. It was early in the morning.","The kite was painted red. Later, Lily carried the blue kite. Its color had not changed. It was early in the morning.",,
test-00042-clean,"The kite was painted red. Later, Lily carried the red kite. Its color had not changed. It was early in the morning.",red,"The kite was painted red. Later, Lily carried the blue kite. Its color had not changed. It was early in the morning.","The kite was painted red. Later, Lily carried the red kite. Its color had not changed. It was early in the morning.",,
test-00043-error,Sam placed a bag behind the table. That bag remained near the table. Nobody had moved it. The sun was shining.,near,Sam placed a bag behind the table. That bag remained near the table. Nobody had moved it. The sun was shining.,Sam placed a bag behind the table. That bag remained on the table. Nobody had moved it. The sun was shining.,,
test-00043-clean,Sam placed a bag behind the table. That bag remained behind the table. Nobody had moved it. The sun was shining.,behind,Sam placed a bag behind the table. That bag remained behind the table. Nobody had moved it. The sun was shining.,Sam placed a bag behind the table. That bag remained on the table. Nobody had moved it. The sun was shining.,,
test-00044-error,"One day, Rose played all day without resting. At that moment, Rose seemed awake. It was time to rest. The sun was shining.",awake,"One day, Rose played all day without resting. At that moment, Rose seemed awake. It was time to rest. The sun was shining.","One day, Rose played all day without resting. At that moment, Rose seemed happy. It was time to rest. The sun was shining.",,
test-00044-clean,"One day, Rose played all day without resting. At that moment, Rose seemed tired. It was time to rest. The sun was shining.",tired,"One day, Rose played all day without resting. At that moment, Rose seemed tired. It was time to rest. The sun was shining.","One day, Rose played all day without resting. At that moment, Rose seemed tired. It was time to rest. The sun was shining.",,
test-00045-error,"After lunch, Rose emptied a box completely. At that moment, the box seemed full. There was nothing left inside. The sun was shining.",full,"After lunch, Rose emptied a box completely. At that moment, the box seemed full. There was nothing left inside. The sun was shining.","After lunch, Rose emptied a box completely. At that moment, the box seemed to open. There was nothing left inside. The sun was shining.",,
test-00045-clean,"After lunch, Rose emptied a box completely. At that moment, the box seemed empty. There was nothing left inside. The sun was shining.",empty,"After lunch, Rose emptied a box completely. At that moment, the box seemed to open. There was nothing left inside. The sun was shining.","After lunch, Rose emptied a box completely. At that moment, the box seemed empty. There was nothing left inside. The sun was shining.",,
test-00046-error,A boy named Mia came by. She found a little ball.,She,A boy named Mia came by. He had found a little ball.,A boy named Mia came by. She found a little ball.,,
test-00046-clean,A boy named Mia came by. He found a little ball.,He,A boy named Mia came by. He had found a little ball.,A boy named Mia came by. He found a little ball.,,
test-00047-error,Those puppies was very tired. A little bird sang nearby.,was,Those puppies were very tired. A little bird sang nearby.,Those puppies was very tired. A little bird sang nearby.,,
test-00047-clean,Those puppies were very tired. A little bird sang nearby.,were,Those puppies were very tired. A little bird sang nearby.,Those puppies were very tired. A little bird sang nearby.,,
test-00048-error,"Zoe chose the black coat. Later, Zoe carried the green coat. Its color had not changed. A friend was waiting.",green,"Zoe chose the black coat. Later, Zoe carried the black coat. Its color had not changed. A friend was waiting.","Zoe chose the black coat. Later, Zoe carried the green coat. Its color had not changed. A friend was waiting.",,
test-00048-clean,"Zoe chose the black coat. Later, Zoe carried the black coat. Its color had not changed. A friend was waiting.",black,"Zoe chose the black coat. Later, Zoe carried the black coat. Its color had not changed. A friend was waiting.","Zoe chose the black coat. Later, Zoe carried the black coat. Its color had not changed. A friend was waiting.",,
test-00049-error,Sam placed a ball beside the bench. That ball remained above the bench. Nobody had moved it. It was a quiet day.,above,Sam placed a ball beside the bench. That ball remained above the bench. Nobody had moved it. It was a quiet day.,Sam placed a ball beside the bench. That ball remained in the bench. Nobody had moved it. It was a quiet day.,,
test-00049-clean,Sam placed a ball beside the bench. That ball remained beside the bench. Nobody had moved it. It was a quiet day.,beside,Sam placed a ball beside the bench. That ball remained in the bench. Nobody had moved it. It was a quiet day.,Sam placed a ball beside the bench. That ball remained beside the bench. Nobody had moved it. It was a quiet day.,,
test-00050-error,"One day, Nora won a fun game. At that moment, Nora seemed sad. There was a big smile. It was a quiet day.",sad,"One day, Nora won a fun game. At that moment, Nora seemed happy. There was a big smile. It was a quiet day.","One day, Nora won a fun game. At that moment, Nora seemed sad. There was a big smile. It was a quiet day.",,
test-00050-clean,"One day, Nora won a fun game. At that moment, Nora seemed happy. There was a big smile. It was a quiet day.",happy,"One day, Nora won a fun game. At that moment, Nora seemed happy. There was a big smile. It was a quiet day.","One day, Nora won a fun game. At that moment, Nora seemed happy. There was a big smile. It was a quiet day.",,
test-00051-error,"After lunch, Sam sat by a warm fire. At that moment, Sam seemed cold. The fire gave off plenty of heat. A little bird sang nearby.",cold,"After lunch, Sam sat by a warm fire. At that moment, Sam seemed very happy. The fire gave off plenty of heat. A little bird sang nearby.","After lunch, Sam sat by a warm fire. At that moment, Sam seemed cold. The fire gave off plenty of heat. A little bird sang nearby.",,
test-00051-clean,"After lunch, Sam sat by a warm fire. At that moment, Sam seemed warm. The fire gave off plenty of heat. A little bird sang nearby.",warm,"After lunch, Sam sat by a warm fire. At that moment, Sam seemed warm. The fire gave off plenty of heat. A little bird sang nearby.","After lunch, Sam sat by a warm fire. At that moment, Sam seemed very happy. The fire gave off plenty of heat. A little bird sang nearby.",,
test-00052-error,"Nora, a boy, went out. She found a little ball. A little bird sang nearby.",She,"Nora, a boy, went out. She found a little ball. A little bird sang nearby.","Nora, a boy, went out. He had found a little ball. A little bird sang nearby.",,
test-00052-clean,"Nora, a boy, went out. He found a little ball. A little bird sang nearby.",He,"Nora, a boy, went out. He found a little ball. A little bird sang nearby.","Nora, a boy, went out. He had found a little ball. A little bird sang nearby.",,
test-00053-error,"Every afternoon, Leo run in the park. A friend was waiting.",run,"Every afternoon, Leo would play in the park. A friend was waiting.","Every afternoon, Leo run in the park. A friend was waiting.",,
test-00053-clean,"Every afternoon, Leo runs in the park. A friend was waiting.",runs,"Every afternoon, Leo would play in the park. A friend was waiting.","Every afternoon, Leo runs in the park. A friend was waiting.",,
test-00054-error,"The box was painted white. Later, Max carried the red box. Its color had not changed. A little bird sang nearby.",red,"The box was painted white. Later, Max carried the red box. Its color had not changed. A little bird sang nearby.","The box was painted white. Later, Max carried the box to box. Its color had not changed. A little bird sang nearby.",,
test-00054-clean,"The box was painted white. Later, Max carried the white box. Its color had not changed. A little bird sang nearby.",white,"The box was painted white. Later, Max carried the white box. Its color had not changed. A little bird sang nearby.","The box was painted white. Later, Max carried the box to box. Its color had not changed. A little bird sang nearby.",,
test-00055-error,Ana placed a box under the bed. That box remained above the bed. Nobody had moved it. A little bird sang nearby.,above,Ana placed a box under the bed. That box remained above the bed. Nobody had moved it. A little bird sang nearby.,Ana placed a box under the bed. That box remained on the bed. Nobody had moved it. A little bird sang nearby.,,
test-00055-clean,Ana placed a box under the bed. That box remained under the bed. Nobody had moved it. A little bird sang nearby.,under,Ana placed a box under the bed. That box remained under the bed. Nobody had moved it. A little bird sang nearby.,Ana placed a box under the bed. That box remained on the bed. Nobody had moved it. A little bird sang nearby.,,
test-00056-error,"One day, Alex had not eaten all day. At that moment, Alex seemed full. The empty stomach growled. It was early in the morning.",full,"One day, Alex had not eaten all day. At that moment, Alex seemed very sad. The empty stomach growled. It was early in the morning.","One day, Alex had not eaten all day. At that moment, Alex seemed full. The empty stomach growled. It was early in the morning.",,
test-00056-clean,"One day, Alex had not eaten all day. At that moment, Alex seemed hungry. The empty stomach growled. It was early in the morning.",hungry,"One day, Alex had not eaten all day. At that moment, Alex seemed hungry. The empty stomach growled. It was early in the morning.","One day, Alex had not eaten all day. At that moment, Alex seemed very sad. The empty stomach growled. It was early in the morning.",,
test-00057-error,"One day, Nora sat by a warm fire. At that moment, Nora seemed cold. The fire gave off plenty of heat. The sun was shining.",cold,"One day, Nora sat by a warm fire. At that moment, Nora seemed very happy. The fire gave off plenty of heat. The sun was shining.","One day, Nora sat by a warm fire. At that moment, Nora seemed cold. The fire gave off plenty of heat. The sun was shining.",,
test-00057-clean,"One day, Nora sat by a warm fire. At that moment, Nora seemed warm. The fire gave off plenty of heat. The sun was shining.",warm,"One day, Nora sat by a warm fire. At that moment, Nora seemed very happy. The fire gave off plenty of heat. The sun was shining.","One day, Nora sat by a warm fire. At that moment, Nora seemed warm. The fire gave off plenty of heat. The sun was shining.",,
test-00058-error,A girl named Alex came by. He found a little ball. The sun was shining.,He,A girl named Alex came by. She had found a little ball. The sun was shining.,A girl named Alex came by. He found a little ball. The sun was shining.,,
test-00058-clean,A girl named Alex came by. She found a little ball. The sun was shining.,She,A girl named Alex came by. She found a little ball. The sun was shining.,A girl named Alex came by. She had found a little ball. The sun was shining.,,
test-00059-error,Ana found a orange for a friend. The sun was shining.,a,Ana found a orange for a friend. The sun was shining.,Ana found a orange for a friend. The sun was shining.,,
test-00059-clean,Ana found an orange for a friend. The sun was shining.,an,Ana found an orange for a friend. The sun was shining.,Ana found an orange for a friend. The sun was shining.,,
test-00060-error,"Alex chose the black ball. Later, Alex carried the pink ball. Its color had not changed. It was early in the morning.",pink,"Alex chose the black ball. Later, Alex carried the black ball. Its color had not changed. It was early in the morning.","Alex chose the black ball. Later, Alex carried the pink ball. Its color had not changed. It was early in the morning.",,
test-00060-clean,"Alex chose the black ball. Later, Alex carried the black ball. Its color had not changed. It was early in the morning.",black,"Alex chose the black ball. Later, Alex carried the black ball. Its color had not changed. It was early in the morning.","Alex chose the black ball. Later, Alex carried the black ball. Its color had not changed. It was early in the morning.",,
test-00061-error,The toy lay near the desk. That toy remained behind the desk. Nobody had moved it. The sun was shining.,behind,The toy lay near the desk. That toy remained on the desk. Nobody had moved it. The sun was shining.,The toy lay near the desk. That toy remained behind the desk. Nobody had moved it. The sun was shining.,,
test-00061-clean,The toy lay near the desk. That toy remained near the desk. Nobody had moved it. The sun was shining.,near,The toy lay near the desk. That toy remained on the desk. Nobody had moved it. The sun was shining.,The toy lay near the desk. That toy remained near the desk. Nobody had moved it. The sun was shining.,,
test-00062-error,"After lunch, Leo won a fun game. At that moment, Leo seemed sad. There was a big smile. The sun was shining.",sad,"After lunch, Leo won a fun game. At that moment, Leo seemed very happy. There was a big smile. The sun was shining.","After lunch, Leo won a fun game. At that moment, Leo seemed sad. There was a big smile. The sun was shining.",,
test-00062-clean,"After lunch, Leo won a fun game. At that moment, Leo seemed happy. There was a big smile. The sun was shining.",happy,"After lunch, Leo won a fun game. At that moment, Leo seemed very happy. There was a big smile. The sun was shining.","After lunch, Leo won a fun game. At that moment, Leo seemed happy. There was a big smile. The sun was shining.",,
test-00063-error,"One day, Sam filled a box to the top. At that moment, the box seemed empty. There was no room for anything else. It was a quiet day.",empty,"One day, Sam filled a box to the top. At that moment, the box seemed very quiet. There was no room for anything else. It was a quiet day.","One day, Sam filled a box to the top. At that moment, the box seemed empty. There was no room for anything else. It was a quiet day.",,
test-00063-clean,"One day, Sam filled a box to the top. At that moment, the box seemed full. There was no room for anything else. It was a quiet day.",full,"One day, Sam filled a box to the top. At that moment, the box seemed very quiet. There was no room for anything else. It was a quiet day.","One day, Sam filled a box to the top. At that moment, the box seemed full. There was no room for anything else. It was a quiet day.",,
test-00064-error,A boy named Lily came by. She found a little ball. A little bird sang nearby.,She,A boy named Lily came by. She found a little ball. A little bird sang nearby.,A boy named Lily came by. He found a little ball. A little bird sang nearby.,,
test-00064-clean,A boy named Lily came by. He found a little ball. A little bird sang nearby.,He,A boy named Lily came by. He found a little ball. A little bird sang nearby.,A boy named Lily came by. He found a little ball. A little bird sang nearby.,,
test-00065-error,All three cats was very tired. The sun was shining.,was,All three cats was very tired. The sun was shining.,All three cats were very tired. The sun was shining.,,
test-00065-clean,All three cats were very tired. The sun was shining.,were,All three cats were very tired. The sun was shining.,All three cats were very tired. The sun was shining.,,
test-00066-error,"Mia chose the yellow ball. Later, Mia carried the pink ball. Its color had not changed. A little bird sang nearby.",pink,"Mia chose the yellow ball. Later, Mia carried the pink ball. Its color had not changed. A little bird sang nearby.","Mia chose the yellow ball. Later, Mia carried the yellow ball. Its color had not changed. A little bird sang nearby.",,
test-00066-clean,"Mia chose the yellow ball. Later, Mia carried the yellow ball. Its color had not changed. A little bird sang nearby.",yellow,"Mia chose the yellow ball. Later, Mia carried the yellow ball. Its color had not changed. A little bird sang nearby.","Mia chose the yellow ball. Later, Mia carried the yellow ball. Its color had not changed. A little bird sang nearby.",,
test-00067-error,The toy lay beside the table. That toy remained near the table. Nobody had moved it.,near,The toy lay beside the table. That toy remained near the table. Nobody had moved it.,The toy lay beside the table. That toy remained on the table. Nobody had moved it.,,
test-00067-clean,The toy lay beside the table. That toy remained beside the table. Nobody had moved it.,beside,The toy lay beside the table. That toy remained on the table. Nobody had moved it.,The toy lay beside the table. That toy remained beside the table. Nobody had moved it.,,
test-00068-error,"One day, Zoe played all day without resting. At that moment, Zoe seemed awake. It was time to rest.",awake,"One day, Zoe played all day without resting. At that moment, Zoe seemed happy. It was time to rest.","One day, Zoe played all day without resting. At that moment, Zoe seemed awake. It was time to rest.",,
test-00068-clean,"One day, Zoe played all day without resting. At that moment, Zoe seemed tired. It was time to rest.",tired,"One day, Zoe played all day without resting. At that moment, Zoe seemed tired. It was time to rest.","One day, Zoe played all day without resting. At that moment, Zoe seemed tired. It was time to rest.",,
test-00069-error,"After lunch, Ella turned off the only lamp. At that moment, the room seemed bright. There was no light in the room. The sun was shining.",bright,"After lunch, Ella turned off the only lamp. At that moment, the room seemed sad. There was no light in the room. The sun was shining.","After lunch, Ella turned off the only lamp. At that moment, the room seemed bright. There was no light in the room. The sun was shining.",,
test-00069-clean,"After lunch, Ella turned off the only lamp. At that moment, the room seemed dark. There was no light in the room. The sun was shining.",dark,"After lunch, Ella turned off the only lamp. At that moment, the room seemed dark. There was no light in the room. The sun was shining.","After lunch, Ella turned off the only lamp. At that moment, the room seemed dark. There was no light in the room. The sun was shining.",,
test-00070-error,A girl named Max came by. He found a little ball. It was a quiet day.,He,A girl named Max came by. He found a little ball. It was a quiet day.,A girl named Max came by. She found a little ball. It was a quiet day.,,
test-00070-clean,A girl named Max came by. She found a little ball. It was a quiet day.,She,A girl named Max came by. She found a little ball. It was a quiet day.,A girl named Max came by. She found a little ball. It was a quiet day.,,
test-00071-error,"Last night, Nora run before going home.",run,"Last night, Nora run before going home.","Last night, Nora was before going home.",,
test-00071-clean,"Last night, Nora ran before going home.",ran,"Last night, Nora ran before going home.","Last night, Nora was before going home.",,
test-00072-error,"The shirt was painted purple. Later, Jack carried the black shirt. Its color had not changed. The sun was shining.",black,"The shirt was painted purple. Later, Jack carried the black shirt. Its color had not changed. The sun was shining.","The shirt was painted purple. Later, Jack carried the blue shirt. Its color had not changed. The sun was shining.",,
test-00072-clean,"The shirt was painted purple. Later, Jack carried the purple shirt. Its color had not changed. The sun was shining.",purple,"The shirt was painted purple. Later, Jack carried the blue shirt. Its color had not changed. The sun was shining.","The shirt was painted purple. Later, Jack carried the purple shirt. Its color had not changed. The sun was shining.",,
test-00073-error,The bag lay near the chair. That bag remained under the chair. Nobody had moved it. A friend was waiting.,under,The bag lay near the chair. That bag remained under the chair. Nobody had moved it. A friend was waiting.,The bag lay near the chair. That bag remained on the chair. Nobody had moved it. A friend was waiting.,,
test-00073-clean,The bag lay near the chair. That bag remained near the chair. Nobody had moved it. A friend was waiting.,near,The bag lay near the chair. That bag remained on the chair. Nobody had moved it. A friend was waiting.,The bag lay near the chair. That bag remained near the chair. Nobody had moved it. A friend was waiting.,,
test-00074-error,"One day, Lucy had not eaten all day. At that moment, Lucy seemed full. The empty stomach growled. It was a quiet day.",full,"One day, Lucy had not eaten all day. At that moment, Lucy seemed full. The empty stomach growled. It was a quiet day.","One day, Lucy had not eaten all day. At that moment, Lucy seemed very sad. The empty stomach growled. It was a quiet day.",,
test-00074-clean,"One day, Lucy had not eaten all day. At that moment, Lucy seemed hungry. The empty stomach growled. It was a quiet day.",hungry,"One day, Lucy had not eaten all day. At that moment, Lucy seemed hungry. The empty stomach growled. It was a quiet day.","One day, Lucy had not eaten all day. At that moment, Lucy seemed very sad. The empty stomach growled. It was a quiet day.",,
test-00075-error,"After lunch, Ana filled a box to the top. At that moment, the box seemed empty. There was no room for anything else.",empty,"After lunch, Ana filled a box to the top. At that moment, the box seemed empty. There was no room for anything else.","After lunch, Ana filled a box to the top. At that moment, the box seemed empty. There was no room for anything else.",,
test-00075-clean,"After lunch, Ana filled a box to the top. At that moment, the box seemed full. There was no room for anything else.",full,"After lunch, Ana filled a box to the top. At that moment, the box seemed happy. There was no room for anything else.","After lunch, Ana filled a box to the top. At that moment, the box seemed full. There was no room for anything else.",,
test-00076-error,"Zoe, a boy, went out. She found a little ball. The sun was shining.",She,"Zoe, a boy, went out. She found a little ball. The sun was shining.","Zoe, a boy, went out. He found a little ball. The sun was shining.",,
test-00076-clean,"Zoe, a boy, went out. He found a little ball. The sun was shining.",He,"Zoe, a boy, went out. He found a little ball. The sun was shining.","Zoe, a boy, went out. He found a little ball. The sun was shining.",,
test-00077-error,Those boys was very tired. A friend was waiting.,was,Those boys were very tired. A friend was waiting.,Those boys was very tired. A friend was waiting.,,
test-00077-clean,Those boys were very tired. A friend was waiting.,were,Those boys were very tired. A friend was waiting.,Those boys were very tired. A friend was waiting.,,
test-00078-error,"Leo chose the green box. Later, Leo carried the purple box. Its color had not changed. It was a quiet day.",purple,"Leo chose the green box. Later, Leo carried the green box. Its color had not changed. It was a quiet day.","Leo chose the green box. Later, Leo carried the purple box. Its color had not changed. It was a quiet day.",,
test-00078-clean,"Leo chose the green box. Later, Leo carried the green box. Its color had not changed. It was a quiet day.",green,"Leo chose the green box. Later, Leo carried the green box. Its color had not changed. It was a quiet day.","Leo chose the green box. Later, Leo carried the green box. Its color had not changed. It was a quiet day.",,
test-00079-error,The ball lay behind the tree. That ball remained near the tree. Nobody had moved it. A little bird sang nearby.,near,The ball lay behind the tree. That ball remained in the tree. Nobody had moved it. A little bird sang nearby.,The ball lay behind the tree. That ball remained near the tree. Nobody had moved it. A little bird sang nearby.,,
test-00079-clean,The ball lay behind the tree. That ball remained behind the tree. Nobody had moved it. A little bird sang nearby.,behind,The ball lay behind the tree. That ball remained in the tree. Nobody had moved it. A little bird sang nearby.,The ball lay behind the tree. That ball remained behind the tree. Nobody had moved it. A little bird sang nearby.,,
test-00080-error,"One day, Sam had not eaten all day. At that moment, Sam seemed full. The empty stomach growled. The sun was shining.",full,"One day, Sam had not eaten all day. At that moment, Sam seemed sad. The empty stomach growled. The sun was shining.","One day, Sam had not eaten all day. At that moment, Sam seemed full. The empty stomach growled. The sun was shining.",,
test-00080-clean,"One day, Sam had not eaten all day. At that moment, Sam seemed hungry. The empty stomach growled. The sun was shining.",hungry,"One day, Sam had not eaten all day. At that moment, Sam seemed hungry. The empty stomach growled. The sun was shining.","One day, Sam had not eaten all day. At that moment, Sam seemed sad. The empty stomach growled. The sun was shining.",,
test-00081-error,"One day, Tom turned off the only lamp. At that moment, the room seemed bright. There was no light in the room. A friend was waiting.",bright,"One day, Tom turned off the only lamp. At that moment, the room seemed bright. There was no light in the room. A friend was waiting.","One day, Tom turned off the only lamp. At that moment, the room seemed to change. There was no light in the room. A friend was waiting.",,
test-00081-clean,"One day, Tom turned off the only lamp. At that moment, the room seemed dark. There was no light in the room. A friend was waiting.",dark,"One day, Tom turned off the only lamp. At that moment, the room seemed dark. There was no light in the room. A friend was waiting.","One day, Tom turned off the only lamp. At that moment, the room seemed to change. There was no light in the room. A friend was waiting.",,
test-00082-error,A boy named Ana came by. She found a little ball. It was a quiet day.,She,A boy named Ana came by. He had found a little ball. It was a quiet day.,A boy named Ana came by. She found a little ball. It was a quiet day.,,
test-00082-clean,A boy named Ana came by. He found a little ball. It was a quiet day.,He,A boy named Ana came by. He had found a little ball. It was a quiet day.,A boy named Ana came by. He found a little ball. It was a quiet day.,,
test-00083-error,"Last week, Leo play before going home. A friend was waiting.",play,"Last week, Leo was ready before going home. A friend was waiting.","Last week, Leo play before going home. A friend was waiting.",,
test-00083-clean,"Last week, Leo played before going home. A friend was waiting.",played,"Last week, Leo was ready before going home. A friend was waiting.","Last week, Leo played before going home. A friend was waiting.",,
test-00084-error,"The box was painted green. Later, Alex carried the red box. Its color had not changed. A friend was waiting.",red,"The box was painted green. Later, Alex carried the box to box. Its color had not changed. A friend was waiting.","The box was painted green. Later, Alex carried the red box. Its color had not changed. A friend was waiting.",,
test-00084-clean,"The box was painted green. Later, Alex carried the green box. Its color had not changed. A friend was waiting.",green,"The box was painted green. Later, Alex carried the green box. Its color had not changed. A friend was waiting.","The box was painted green. Later, Alex carried the box to box. Its color had not changed. A friend was waiting.",,
test-00085-error,The box lay under the bench. That box remained near the bench. Nobody had moved it. It was a quiet day.,near,The box lay under the bench. That box remained on the bench. Nobody had moved it. It was a quiet day.,The box lay under the bench. That box remained near the bench. Nobody had moved it. It was a quiet day.,,
test-00085-clean,The box lay under the bench. That box remained under the bench. Nobody had moved it. It was a quiet day.,under,The box lay under the bench. That box remained on the bench. Nobody had moved it. It was a quiet day.,The box lay under the bench. That box remained under the bench. Nobody had moved it. It was a quiet day.,,
test-00086-error,"After lunch, Nora played all day without resting. At that moment, Nora seemed awake. It was time to rest. The sun was shining.",awake,"After lunch, Nora played all day without resting. At that moment, Nora seemed awake. It was time to rest. The sun was shining.","After lunch, Nora played all day without resting. At that moment, Nora seemed very happy. It was time to rest. The sun was shining.",,
test-00086-clean,"After lunch, Nora played all day without resting. At that moment, Nora seemed tired. It was time to rest. The sun was shining.",tired,"After lunch, Nora played all day without resting. At that moment, Nora seemed tired. It was time to rest. The sun was shining.","After lunch, Nora played all day without resting. At that moment, Nora seemed very happy. It was time to rest. The sun was shining.",,
test-00087-error,"After lunch, Rose filled a box to the top. At that moment, the box seemed empty. There was no room for anything else. A little bird sang nearby.",empty,"After lunch, Rose filled a box to the top. At that moment, the box seemed to empty. There was no room for anything else. A little bird sang nearby.","After lunch, Rose filled a box to the top. At that moment, the box seemed empty. There was no room for anything else. A little bird sang nearby.",,
test-00087-clean,"After lunch, Rose filled a box to the top. At that moment, the box seemed full. There was no room for anything else. A little bird sang nearby.",full,"After lunch, Rose filled a box to the top. At that moment, the box seemed full. There was no room for anything else. A little bird sang nearby.","After lunch, Rose filled a box to the top. At that moment, the box seemed to empty. There was no room for anything else. A little bird sang nearby.",,
test-00088-error,A boy named Lily came by. She found a little ball. A friend was waiting.,She,A boy named Lily came by. She found a little ball. A friend was waiting.,A boy named Lily came by. She had found a little ball. A friend was waiting.,,
test-00088-clean,A boy named Lily came by. He found a little ball. A friend was waiting.,He,A boy named Lily came by. She had found a little ball. A friend was waiting.,A boy named Lily came by. He found a little ball. A friend was waiting.,,
test-00089-error,Lucy found a egg for a friend. A friend was waiting.,a,Lucy found a special egg for a friend. A friend was waiting.,Lucy found a egg for a friend. A friend was waiting.,,
test-00089-clean,Lucy found an egg for a friend. A friend was waiting.,an,Lucy found a special egg for a friend. A friend was waiting.,Lucy found an egg for a friend. A friend was waiting.,,
test-00090-error,"Ana chose the yellow shirt. Later, Ana carried the white shirt. Its color had not changed. A little bird sang nearby.",white,"Ana chose the yellow shirt. Later, Ana carried the blue shirt. Its color had not changed. A little bird sang nearby.","Ana chose the yellow shirt. Later, Ana carried the white shirt. Its color had not changed. A little bird sang nearby.",,
test-00090-clean,"Ana chose the yellow shirt. Later, Ana carried the yellow shirt. Its color had not changed. A little bird sang nearby.",yellow,"Ana chose the yellow shirt. Later, Ana carried the blue shirt. Its color had not changed. A little bird sang nearby.","Ana chose the yellow shirt. Later, Ana carried the yellow shirt. Its color had not changed. A little bird sang nearby.",,
test-00091-error,Zoe placed a shoe behind the table. That shoe remained near the table. Nobody had moved it. A friend was waiting.,near,Zoe placed a shoe behind the table. That shoe remained near the table. Nobody had moved it. A friend was waiting.,Zoe placed a shoe behind the table. That shoe remained on the table. Nobody had moved it. A friend was waiting.,,
test-00091-clean,Zoe placed a shoe behind the table. That shoe remained behind the table. Nobody had moved it. A friend was waiting.,behind,Zoe placed a shoe behind the table. That shoe remained behind the table. Nobody had moved it. A friend was waiting.,Zoe placed a shoe behind the table. That shoe remained on the table. Nobody had moved it. A friend was waiting.,,
test-00092-error,"After lunch, Sam played all day without resting. At that moment, Sam seemed awake. It was time to rest. The sun was shining.",awake,"After lunch, Sam played all day without resting. At that moment, Sam seemed happy. It was time to rest. The sun was shining.","After lunch, Sam played all day without resting. At that moment, Sam seemed awake. It was time to rest. The sun was shining.",,
test-00092-clean,"After lunch, Sam played all day without resting. At that moment, Sam seemed tired. It was time to rest. The sun was shining.",tired,"After lunch, Sam played all day without resting. At that moment, Sam seemed happy. It was time to rest. The sun was shining.","After lunch, Sam played all day without resting. At that moment, Sam seemed tired. It was time to rest. The sun was shining.",,
test-00093-error,"After lunch, Tom filled a box to the top. At that moment, the box seemed empty. There was no room for anything else. It was a quiet day.",empty,"After lunch, Tom filled a box to the top. At that moment, the box seemed to empty. There was no room for anything else. It was a quiet day.","After lunch, Tom filled a box to the top. At that moment, the box seemed empty. There was no room for anything else. It was a quiet day.",,
test-00093-clean,"After lunch, Tom filled a box to the top. At that moment, the box seemed full. There was no room for anything else. It was a quiet day.",full,"After lunch, Tom filled a box to the top. At that moment, the box seemed full. There was no room for anything else. It was a quiet day.","After lunch, Tom filled a box to the top. At that moment, the box seemed to empty. There was no room for anything else. It was a quiet day.",,
test-00094-error,Zoe and two friends came by. She found a little ball. A little bird sang nearby.,She,Zoe and two friends came by. She found a little ball. A little bird sang nearby.,Zoe and two friends came by. They both found a little ball. A little bird sang nearby.,,
test-00094-clean,Zoe and two friends came by. They found a little ball. A little bird sang nearby.,They,Zoe and two friends came by. They both found a little ball. A little bird sang nearby.,Zoe and two friends came by. They found a little ball. A little bird sang nearby.,,
test-00095-error,"Last week, Zoe eat before going home. It was a quiet day.",eat,"Last week, Zoe eat before going home. It was a quiet day.","Last week, Zoe was excited before going home. It was a quiet day.",,
test-00095-clean,"Last week, Zoe ate before going home. It was a quiet day.",ate,"Last week, Zoe ate before going home. It was a quiet day.","Last week, Zoe was excited before going home. It was a quiet day.",,
test-00096-error,"Zoe chose the green box. Later, Zoe carried the blue box. Its color had not changed. The sun was shining.",blue,"Zoe chose the green box. Later, Zoe carried the blue box. Its color had not changed. The sun was shining.","Zoe chose the green box. Later, Zoe carried the green box. Its color had not changed. The sun was shining.",,
test-00096-clean,"Zoe chose the green box. Later, Zoe carried the green box. Its color had not changed. The sun was shining.",green,"Zoe chose the green box. Later, Zoe carried the green box. Its color had not changed. The sun was shining.","Zoe chose the green box. Later, Zoe carried the green box. Its color had not changed. The sun was shining.",,
test-00097-error,The box lay beside the bed. That box remained above the bed. Nobody had moved it.,above,The box lay beside the bed. That box remained on the bed. Nobody had moved it.,The box lay beside the bed. That box remained above the bed. Nobody had moved it.,,
test-00097-clean,The box lay beside the bed. That box remained beside the bed. Nobody had moved it.,beside,The box lay beside the bed. That box remained on the bed. Nobody had moved it.,The box lay beside the bed. That box remained beside the bed. Nobody had moved it.,,
test-00098-error,"One day, Finn had not eaten all day. At that moment, Finn seemed full. The empty stomach growled.",full,"One day, Finn had not eaten all day. At that moment, Finn seemed very hungry. The empty stomach growled.","One day, Finn had not eaten all day. At that moment, Finn seemed full. The empty stomach growled.",,
test-00098-clean,"One day, Finn had not eaten all day. At that moment, Finn seemed hungry. The empty stomach growled.",hungry,"One day, Finn had not eaten all day. At that moment, Finn seemed hungry. The empty stomach growled.","One day, Finn had not eaten all day. At that moment, Finn seemed very hungry. The empty stomach growled.",,
test-00099-error,"One day, Sam sat by a warm fire. At that moment, Sam seemed cold. The fire gave off plenty of heat. A little bird sang nearby.",cold,"One day, Sam sat by a warm fire. At that moment, Sam seemed cold. The fire gave off plenty of heat. A little bird sang nearby.","One day, Sam sat by a warm fire. At that moment, Sam seemed happy. The fire gave off plenty of heat. A little bird sang nearby.",,
test-00099-clean,"One day, Sam sat by a warm fire. At that moment, Sam seemed warm. The fire gave off plenty of heat. A little bird sang nearby.",warm,"One day, Sam sat by a warm fire. At that moment, Sam seemed happy. The fire gave off plenty of heat. A little bird sang nearby.","One day, Sam sat by a warm fire. At that moment, Sam seemed warm. The fire gave off plenty of heat. A little bird sang nearby.",,
test-00100-error,"Ella, a boy, went out. She found a little ball. A little bird sang nearby.",She,"Ella, a boy, went out. She found a little ball. A little bird sang nearby.","Ella, a boy, went out. She found a little ball. A little bird sang nearby.",,
test-00100-clean,"Ella, a boy, went out. He found a little ball. A little bird sang nearby.",He,"Ella, a boy, went out. He found a little ball. A little bird sang nearby.","Ella, a boy, went out. He had found a little ball. A little bird sang nearby.",,
test-00101-error,"Each day, Nora play in the park. The sun was shining.",play,"Each day, Nora play in the park. The sun was shining.","Each day, Nora played in the park. The sun was shining.",,
test-00101-clean,"Each day, Nora plays in the park. The sun was shining.",plays,"Each day, Nora plays in the park. The sun was shining.","Each day, Nora played in the park. The sun was shining.",,
test-00102-error,"Ana chose the purple cup. Later, Ana carried the red cup. Its color had not changed. It was early in the morning.",red,"Ana chose the purple cup. Later, Ana carried the red cup. Its color had not changed. It was early in the morning.","Ana chose the purple cup. Later, Ana carried the purple cup. Its color had not changed. It was early in the morning.",,
test-00102-clean,"Ana chose the purple cup. Later, Ana carried the purple cup. Its color had not changed. It was early in the morning.",purple,"Ana chose the purple cup. Later, Ana carried the purple cup. Its color had not changed. It was early in the morning.","Ana chose the purple cup. Later, Ana carried the purple cup. Its color had not changed. It was early in the morning.",,
test-00103-error,The box lay near the bench. That box remained under the bench. Nobody had moved it. It was early in the morning.,under,The box lay near the bench. That box remained under the bench. Nobody had moved it. It was early in the morning.,The box lay near the bench. That box remained on the bench. Nobody had moved it. It was early in the morning.,,
test-00103-clean,The box lay near the bench. That box remained near the bench. Nobody had moved it. It was early in the morning.,near,The box lay near the bench. That box remained near the bench. Nobody had moved it. It was early in the morning.,The box lay near the bench. That box remained on the bench. Nobody had moved it. It was early in the morning.,,
test-00104-error,"One day, Nora won a fun game. At that moment, Nora seemed sad. There was a big smile. A little bird sang nearby.",sad,"One day, Nora won a fun game. At that moment, Nora seemed sad. There was a big smile. A little bird sang nearby.","One day, Nora won a fun game. At that moment, Nora seemed very happy. There was a big smile. A little bird sang nearby.",,
test-00104-clean,"One day, Nora won a fun game. At that moment, Nora seemed happy. There was a big smile. A little bird sang nearby.",happy,"One day, Nora won a fun game. At that moment, Nora seemed happy. There was a big smile. A little bird sang nearby.","One day, Nora won a fun game. At that moment, Nora seemed very happy. There was a big smile. A little bird sang nearby.",,
test-00105-error,"After lunch, Leo got caught in the rain. At that moment, Leo seemed dry. Water dripped from the coat. It was a quiet day.",dry,"After lunch, Leo got caught in the rain. At that moment, Leo seemed dry. Water dripped from the coat. It was a quiet day.","After lunch, Leo got caught in the rain. At that moment, Leo seemed sad. Water dripped from the coat. It was a quiet day.",,
test-00105-clean,"After lunch, Leo got caught in the rain. At that moment, Leo seemed wet. Water dripped from the coat. It was a quiet day.",wet,"After lunch, Leo got caught in the rain. At that moment, Leo seemed wet. Water dripped from the coat. It was a quiet day.","After lunch, Leo got caught in the rain. At that moment, Leo seemed sad. Water dripped from the coat. It was a quiet day.",,
test-00106-error,"Tom, a boy, went out. She found a little ball. A friend was waiting.",She,"Tom, a boy, went out. He found a little ball. A friend was waiting.","Tom, a boy, went out. She found a little ball. A friend was waiting.",,
test-00106-clean,"Tom, a boy, went out. He found a little ball. A friend was waiting.",He,"Tom, a boy, went out. He found a little ball. A friend was waiting.","Tom, a boy, went out. He found a little ball. A friend was waiting.",,
test-00107-error,"Last night, Lily run before going home.",run,"Last night, Lily run before going home.","Last night, Lily would have before going home.",,
test-00107-clean,"Last night, Lily ran before going home.",ran,"Last night, Lily would have before going home.","Last night, Lily ran before going home.",,
test-00108-error,"Rose chose the white box. Later, Rose carried the black box. Its color had not changed. It was early in the morning.",black,"Rose chose the white box. Later, Rose carried the black box. Its color had not changed. It was early in the morning.","Rose chose the white box. Later, Rose carried the white box. Its color had not changed. It was early in the morning.",,
test-00108-clean,"Rose chose the white box. Later, Rose carried the white box. Its color had not changed. It was early in the morning.",white,"Rose chose the white box. Later, Rose carried the white box. Its color had not changed. It was early in the morning.","Rose chose the white box. Later, Rose carried the white box. Its color had not changed. It was early in the morning.",,
test-00109-error,The box lay under the chair. That box remained beside the chair. Nobody had moved it. It was a quiet day.,beside,The box lay under the chair. That box remained beside the chair. Nobody had moved it. It was a quiet day.,The box lay under the chair. That box remained on the chair. Nobody had moved it. It was a quiet day.,,
test-00109-clean,The box lay under the chair. That box remained under the chair. Nobody had moved it. It was a quiet day.,under,The box lay under the chair. That box remained under the chair. Nobody had moved it. It was a quiet day.,The box lay under the chair. That box remained under the chair. Nobody had moved it. It was a quiet day.,,
test-00110-error,"One day, Leo lost a favorite toy. At that moment, Leo seemed happy. Tears ran down the little face.",happy,"One day, Leo lost a favorite toy. At that moment, Leo seemed happy. Tears ran down the little face.","One day, Leo lost a favorite toy. At that moment, Leo seemed sad. Tears ran down the little face.",,
test-00110-clean,"One day, Leo lost a favorite toy. At that moment, Leo seemed sad. Tears ran down the little face.",sad,"One day, Leo lost a favorite toy. At that moment, Leo seemed sad. Tears ran down the little face.","One day, Leo lost a favorite toy. At that moment, Leo seemed sad. Tears ran down the little face.",,
test-00111-error,"After lunch, Ben got caught in the rain. At that moment, Ben seemed dry. Water dripped from the coat. It was early in the morning.",dry,"After lunch, Ben got caught in the rain. At that moment, Ben seemed sad. Water dripped from the coat. It was early in the morning.","After lunch, Ben got caught in the rain. At that moment, Ben seemed dry. Water dripped from the coat. It was early in the morning.",,
test-00111-clean,"After lunch, Ben got caught in the rain. At that moment, Ben seemed wet. Water dripped from the coat. It was early in the morning.",wet,"After lunch, Ben got caught in the rain. At that moment, Ben seemed wet. Water dripped from the coat. It was early in the morning.","After lunch, Ben got caught in the rain. At that moment, Ben seemed sad. Water dripped from the coat. It was early in the morning.",,
test-00112-error,"Sam, a boy, went out. She found a little ball. It was a quiet day.",She,"Sam, a boy, went out. She found a little ball. It was a quiet day.","Sam, a boy, went out. He found a little ball. It was a quiet day.",,
test-00112-clean,"Sam, a boy, went out. He found a little ball. It was a quiet day.",He,"Sam, a boy, went out. He found a little ball. It was a quiet day.","Sam, a boy, went out. He found a little ball. It was a quiet day.",,
test-00113-error,Jack drew a orange for a friend.,a,Jack drew a orange for a friend.,Jack drew a orange for a friend.,,
test-00113-clean,Jack drew an orange for a friend.,an,Jack drew an orange for a friend.,Jack drew an orange for a friend.,,
test-00114-error,"The bag was painted pink. Later, Leo carried the blue bag. Its color had not changed. The sun was shining.",blue,"The bag was painted pink. Later, Leo carried the blue bag. Its color had not changed. The sun was shining.","The bag was painted pink. Later, Leo carried the blue bag. Its color had not changed. The sun was shining.",,
test-00114-clean,"The bag was painted pink. Later, Leo carried the pink bag. Its color had not changed. The sun was shining.",pink,"The bag was painted pink. Later, Leo carried the blue bag. Its color had not changed. The sun was shining.","The bag was painted pink. Later, Leo carried the pink bag. Its color had not changed. The sun was shining.",,
test-00115-error,Leo placed a bag behind the bench. That bag remained beside the bench. Nobody had moved it. The sun was shining.,beside,Leo placed a bag behind the bench. That bag remained beside the bench. Nobody had moved it. The sun was shining.,Leo placed a bag behind the bench. That bag remained on the bench. Nobody had moved it. The sun was shining.,,
test-00115-clean,Leo placed a bag behind the bench. That bag remained behind the bench. Nobody had moved it. The sun was shining.,behind,Leo placed a bag behind the bench. That bag remained on the bench. Nobody had moved it. The sun was shining.,Leo placed a bag behind the bench. That bag remained behind the bench. Nobody had moved it. The sun was shining.,,
test-00116-error,"After lunch, Finn played all day without resting. At that moment, Finn seemed awake. It was time to rest.",awake,"After lunch, Finn played all day without resting. At that moment, Finn seemed happy. It was time to rest.","After lunch, Finn played all day without resting. At that moment, Finn seemed awake. It was time to rest.",,
test-00116-clean,"After lunch, Finn played all day without resting. At that moment, Finn seemed tired. It was time to rest.",tired,"After lunch, Finn played all day without resting. At that moment, Finn seemed tired. It was time to rest.","After lunch, Finn played all day without resting. At that moment, Finn seemed happy. It was time to rest.",,
test-00117-error,"After lunch, Jack emptied a box completely. At that moment, the box seemed full. There was nothing left inside. The sun was shining.",full,"After lunch, Jack emptied a box completely. At that moment, the box seemed very empty. There was nothing left inside. The sun was shining.","After lunch, Jack emptied a box completely. At that moment, the box seemed full. There was nothing left inside. The sun was shining.",,
test-00117-clean,"After lunch, Jack emptied a box completely. At that moment, the box seemed empty. There was nothing left inside. The sun was shining.",empty,"After lunch, Jack emptied a box completely. At that moment, the box seemed empty. There was nothing left inside. The sun was shining.","After lunch, Jack emptied a box completely. At that moment, the box seemed very empty. There was nothing left inside. The sun was shining.",,
test-00118-error,A girl named Lucy came by. He found a little ball. It was early in the morning.,He,A girl named Lucy came by. She had found a little ball. It was early in the morning.,A girl named Lucy came by. He found a little ball. It was early in the morning.,,
test-00118-clean,A girl named Lucy came by. She found a little ball. It was early in the morning.,She,A girl named Lucy came by. She found a little ball. It was early in the morning.,A girl named Lucy came by. She had found a little ball. It was early in the morning.,,
test-00119-error,"Each day, Nora walk in the park. It was a quiet day.",walk,"Each day, Nora walk in the park. It was a quiet day.","Each day, Nora was playing in the park. It was a quiet day.",,
test-00119-clean,"Each day, Nora walks in the park. It was a quiet day.",walks,"Each day, Nora was playing in the park. It was a quiet day.","Each day, Nora walks in the park. It was a quiet day.",,
test-00120-error,"The shirt was painted blue. Later, Rose carried the white shirt. Its color had not changed. The sun was shining.",white,"The shirt was painted blue. Later, Rose carried the blue shirt. Its color had not changed. The sun was shining.","The shirt was painted blue. Later, Rose carried the white shirt. Its color had not changed. The sun was shining.",,
test-00120-clean,"The shirt was painted blue. Later, Rose carried the blue shirt. Its color had not changed. The sun was shining.",blue,"The shirt was painted blue. Later, Rose carried the blue shirt. Its color had not changed. The sun was shining.","The shirt was painted blue. Later, Rose carried the blue shirt. Its color had not changed. The sun was shining.",,
test-00121-error,Nora placed a shoe under the desk. That shoe remained beside the desk. Nobody had moved it. A friend was waiting.,beside,Nora placed a shoe under the desk. That shoe remained in the desk. Nobody had moved it. A friend was waiting.,Nora placed a shoe under the desk. That shoe remained beside the desk. Nobody had moved it. A friend was waiting.,,
test-00121-clean,Nora placed a shoe under the desk. That shoe remained under the desk. Nobody had moved it. A friend was waiting.,under,Nora placed a shoe under the desk. That shoe remained in the desk. Nobody had moved it. A friend was waiting.,Nora placed a shoe under the desk. That shoe remained under the desk. Nobody had moved it. A friend was waiting.,,
test-00122-error,"One day, Leo heard a scary noise. At that moment, Leo seemed calm. Both hands shook with fear. A friend was waiting.",calm,"One day, Leo heard a scary noise. At that moment, Leo seemed very scared. Both hands shook with fear. A friend was waiting.","One day, Leo heard a scary noise. At that moment, Leo seemed calm. Both hands shook with fear. A friend was waiting.",,
test-00122-clean,"One day, Leo heard a scary noise. At that moment, Leo seemed scared. Both hands shook with fear. A friend was waiting.",scared,"One day, Leo heard a scary noise. At that moment, Leo seemed very scared. Both hands shook with fear. A friend was waiting.","One day, Leo heard a scary noise. At that moment, Leo seemed scared. Both hands shook with fear. A friend was waiting.",,
test-00123-error,"One day, Sam emptied a box completely. At that moment, the box seemed full. There was nothing left inside. A little bird sang nearby.",full,"One day, Sam emptied a box completely. At that moment, the box seemed full. There was nothing left inside. A little bird sang nearby.","One day, Sam emptied a box completely. At that moment, the box seemed lonely. There was nothing left inside. A little bird sang nearby.",,
test-00123-clean,"One day, Sam emptied a box completely. At that moment, the box seemed empty. There was nothing left inside. A little bird sang nearby.",empty,"One day, Sam emptied a box completely. At that moment, the box seemed empty. There was nothing left inside. A little bird sang nearby.","One day, Sam emptied a box completely. At that moment, the box seemed empty. There was nothing left inside. A little bird sang nearby.",,
test-00124-error,Two children went out together. She found a little ball.,She,Two children went out together. She found a little ball.,Two children went out together. They found a little ball.,,
test-00124-clean,Two children went out together. They found a little ball.,They,Two children went out together. They found a little ball.,Two children went out together. They found a little ball.,,
test-00125-error,Tom drew a egg for a friend. A friend was waiting.,a,Tom drew a new egg for a friend. A friend was waiting.,Tom drew a egg for a friend. A friend was waiting.,,
test-00125-clean,Tom drew an egg for a friend. A friend was waiting.,an,Tom drew an egg for a friend. A friend was waiting.,Tom drew an egg for a friend. A friend was waiting.,,
test-00126-error,"Lucy chose the yellow shirt. Later, Lucy carried the blue shirt. Its color had not changed.",blue,"Lucy chose the yellow shirt. Later, Lucy carried the blue shirt. Its color had not changed.","Lucy chose the yellow shirt. Later, Lucy carried the blue shirt. Its color had not changed.",,
test-00126-clean,"Lucy chose the yellow shirt. Later, Lucy carried the yellow shirt. Its color had not changed.",yellow,"Lucy chose the yellow shirt. Later, Lucy carried the yellow shirt. Its color had not changed.","Lucy chose the yellow shirt. Later, Lucy carried the blue shirt. Its color had not changed.",,
test-00127-error,Ana placed a shoe near the chair. That shoe remained under the chair. Nobody had moved it. A friend was waiting.,under,Ana placed a shoe near the chair. That shoe remained on the chair. Nobody had moved it. A friend was waiting.,Ana placed a shoe near the chair. That shoe remained under the chair. Nobody had moved it. A friend was waiting.,,
test-00127-clean,Ana placed a shoe near the chair. That shoe remained near the chair. Nobody had moved it. A friend was waiting.,near,Ana placed a shoe near the chair. That shoe remained near the chair. Nobody had moved it. A friend was waiting.,Ana placed a shoe near the chair. That shoe remained on the chair. Nobody had moved it. A friend was waiting.,,
test-00128-error,"One day, Rose heard a scary noise. At that moment, Rose seemed calm. Both hands shook with fear. A friend was waiting.",calm,"One day, Rose heard a scary noise. At that moment, Rose seemed scared. Both hands shook with fear. A friend was waiting.","One day, Rose heard a scary noise. At that moment, Rose seemed calm. Both hands shook with fear. A friend was waiting.",,
test-00128-clean,"One day, Rose heard a scary noise. At that moment, Rose seemed scared. Both hands shook with fear. A friend was waiting.",scared,"One day, Rose heard a scary noise. At that moment, Rose seemed scared. Both hands shook with fear. A friend was waiting.","One day, Rose heard a scary noise. At that moment, Rose seemed scared. Both hands shook with fear. A friend was waiting.",,
test-00129-error,"One day, Rose emptied a box completely. At that moment, the box seemed full. There was nothing left inside. The sun was shining.",full,"One day, Rose emptied a box completely. At that moment, the box seemed to open. There was nothing left inside. The sun was shining.","One day, Rose emptied a box completely. At that moment, the box seemed full. There was nothing left inside. The sun was shining.",,
test-00129-clean,"One day, Rose emptied a box completely. At that moment, the box seemed empty. There was nothing left inside. The sun was shining.",empty,"One day, Rose emptied a box completely. At that moment, the box seemed empty. There was nothing left inside. The sun was shining.","One day, Rose emptied a box completely. At that moment, the box seemed to open. There was nothing left inside. The sun was shining.",,
test-00130-error,A girl named Lily came by. He found a little ball. It was early in the morning.,He,A girl named Lily came by. He found a little ball. It was early in the morning.,A girl named Lily came by. She found a little ball. It was early in the morning.,,
test-00130-clean,A girl named Lily came by. She found a little ball. It was early in the morning.,She,A girl named Lily came by. She found a little ball. It was early in the morning.,A girl named Lily came by. She found a little ball. It was early in the morning.,,
test-00131-error,"Last week, Max see before going home. It was a quiet day.",see,"Last week, Max wanted before going home. It was a quiet day.","Last week, Max see before going home. It was a quiet day.",,
test-00131-clean,"Last week, Max saw before going home. It was a quiet day.",saw,"Last week, Max saw before going home. It was a quiet day.","Last week, Max saw before going home. It was a quiet day.",,
test-00132-error,"The ball was painted yellow. Later, Max carried the white ball. Its color had not changed. It was early in the morning.",white,"The ball was painted yellow. Later, Max carried the white ball. Its color had not changed. It was early in the morning.","The ball was painted yellow. Later, Max carried the yellow ball. Its color had not changed. It was early in the morning.",,
test-00132-clean,"The ball was painted yellow. Later, Max carried the yellow ball. Its color had not changed. It was early in the morning.",yellow,"The ball was painted yellow. Later, Max carried the yellow ball. Its color had not changed. It was early in the morning.","The ball was painted yellow. Later, Max carried the yellow ball. Its color had not changed. It was early in the morning.",,
test-00133-error,Max placed a bag near the chair. That bag remained above the chair. Nobody had moved it. The sun was shining.,above,Max placed a bag near the chair. That bag remained above the chair. Nobody had moved it. The sun was shining.,Max placed a bag near the chair. That bag remained on the chair. Nobody had moved it. The sun was shining.,,
test-00133-clean,Max placed a bag near the chair. That bag remained near the chair. Nobody had moved it. The sun was shining.,near,Max placed a bag near the chair. That bag remained on the chair. Nobody had moved it. The sun was shining.,Max placed a bag near the chair. That bag remained near the chair. Nobody had moved it. The sun was shining.,,
test-00134-error,"One day, Mia had not eaten all day. At that moment, Mia seemed full. The empty stomach growled. The sun was shining.",full,"One day, Mia had not eaten all day. At that moment, Mia seemed full. The empty stomach growled. The sun was shining.","One day, Mia had not eaten all day. At that moment, Mia seemed sad. The empty stomach growled. The sun was shining.",,
test-00134-clean,"One day, Mia had not eaten all day. At that moment, Mia seemed hungry. The empty stomach growled. The sun was shining.",hungry,"One day, Mia had not eaten all day. At that moment, Mia seemed hungry. The empty stomach growled. The sun was shining.","One day, Mia had not eaten all day. At that moment, Mia seemed sad. The empty stomach growled. The sun was shining.",,
test-00135-error,"After lunch, Mia got caught in the rain. At that moment, Mia seemed dry. Water dripped from the coat. It was early in the morning.",dry,"After lunch, Mia got caught in the rain. At that moment, Mia seemed happy. Water dripped from the coat. It was early in the morning.","After lunch, Mia got caught in the rain. At that moment, Mia seemed dry. Water dripped from the coat. It was early in the morning.",,
test-00135-clean,"After lunch, Mia got caught in the rain. At that moment, Mia seemed wet. Water dripped from the coat. It was early in the morning.",wet,"After lunch, Mia got caught in the rain. At that moment, Mia seemed wet. Water dripped from the coat. It was early in the morning.","After lunch, Mia got caught in the rain. At that moment, Mia seemed happy. Water dripped from the coat. It was early in the morning.",,
test-00136-error,"Alex, a girl, went out. He found a little ball. A friend was waiting.",He,"Alex, a girl, went out. He found a little ball. A friend was waiting.","Alex, a girl, went out. She found a little ball. A friend was waiting.",,
test-00136-clean,"Alex, a girl, went out. She found a little ball. A friend was waiting.",She,"Alex, a girl, went out. She found a little ball. A friend was waiting.","Alex, a girl, went out. She found a little ball. A friend was waiting.",,
test-00137-error,All three dogs was very tired. It was early in the morning.,was,All three dogs were very tired. It was early in the morning.,All three dogs was very tired. It was early in the morning.,,
test-00137-clean,All three dogs were very tired. It was early in the morning.,were,All three dogs were very tired. It was early in the morning.,All three dogs were very tired. It was early in the morning.,,
test-00138-error,"The shirt was painted red. Later, Zoe carried the white shirt. Its color had not changed. The sun was shining.",white,"The shirt was painted red. Later, Zoe carried the blue shirt. Its color had not changed. The sun was shining.","The shirt was painted red. Later, Zoe carried the white shirt. Its color had not changed. The sun was shining.",,
test-00138-clean,"The shirt was painted red. Later, Zoe carried the red shirt. Its color had not changed. The sun was shining.",red,"The shirt was painted red. Later, Zoe carried the red shirt. Its color had not changed. The sun was shining.","The shirt was painted red. Later, Zoe carried the blue shirt. Its color had not changed. The sun was shining.",,
test-00139-error,Ana placed a bag near the chair. That bag remained under the chair. Nobody had moved it. It was a quiet day.,under,Ana placed a bag near the chair. That bag remained in the chair. Nobody had moved it. It was a quiet day.,Ana placed a bag near the chair. That bag remained under the chair. Nobody had moved it. It was a quiet day.,,
test-00139-clean,Ana placed a bag near the chair. That bag remained near the chair. Nobody had moved it. It was a quiet day.,near,Ana placed a bag near the chair. That bag remained near the chair. Nobody had moved it. It was a quiet day.,Ana placed a bag near the chair. That bag remained in the chair. Nobody had moved it. It was a quiet day.,,
test-00140-error,"After lunch, Mia lost a favorite toy. At that moment, Mia seemed happy. Tears ran down the little face.",happy,"After lunch, Mia lost a favorite toy. At that moment, Mia seemed happy. Tears ran down the little face.","After lunch, Mia lost a favorite toy. At that moment, Mia seemed very sad. Tears ran down the little face.",,
test-00140-clean,"After lunch, Mia lost a favorite toy. At that moment, Mia seemed sad. Tears ran down the little face.",sad,"After lunch, Mia lost a favorite toy. At that moment, Mia seemed sad. Tears ran down the little face.","After lunch, Mia lost a favorite toy. At that moment, Mia seemed very sad. Tears ran down the little face.",,
test-00141-error,"One day, Jack got caught in the rain. At that moment, Jack seemed dry. Water dripped from the coat. A little bird sang nearby.",dry,"One day, Jack got caught in the rain. At that moment, Jack seemed dry. Water dripped from the coat. A little bird sang nearby.","One day, Jack got caught in the rain. At that moment, Jack seemed very dry. Water dripped from the coat. A little bird sang nearby.",,
test-00141-clean,"One day, Jack got caught in the rain. At that moment, Jack seemed wet. Water dripped from the coat. A little bird sang nearby.",wet,"One day, Jack got caught in the rain. At that moment, Jack seemed very dry. Water dripped from the coat. A little bird sang nearby.","One day, Jack got caught in the rain. At that moment, Jack seemed wet. Water dripped from the coat. A little bird sang nearby.",,
test-00142-error,Sam and two friends came by. She found a little ball. A little bird sang nearby.,She,Sam and two friends came by. They both found a little ball. A little bird sang nearby.,Sam and two friends came by. She found a little ball. A little bird sang nearby.,,
test-00142-clean,Sam and two friends came by. They found a little ball. A little bird sang nearby.,They,Sam and two friends came by. They both found a little ball. A little bird sang nearby.,Sam and two friends came by. They found a little ball. A little bird sang nearby.,,
test-00143-error,"Last night, Ella play before going home. It was early in the morning.",play,"Last night, Ella knew before going home. It was early in the morning.","Last night, Ella play before going home. It was early in the morning.",,
test-00143-clean,"Last night, Ella played before going home. It was early in the morning.",played,"Last night, Ella played before going home. It was early in the morning.","Last night, Ella knew before going home. It was early in the morning.",,
test-00144-error,"Lucy chose the purple kite. Later, Lucy carried the blue kite. Its color had not changed. A friend was waiting.",blue,"Lucy chose the purple kite. Later, Lucy carried the purple kite. Its color had not changed. A friend was waiting.","Lucy chose the purple kite. Later, Lucy carried the blue kite. Its color had not changed. A friend was waiting.",,
test-00144-clean,"Lucy chose the purple kite. Later, Lucy carried the purple kite. Its color had not changed. A friend was waiting.",purple,"Lucy chose the purple kite. Later, Lucy carried the purple kite. Its color had not changed. A friend was waiting.","Lucy chose the purple kite. Later, Lucy carried the purple kite. Its color had not changed. A friend was waiting.",,
test-00145-error,Mia placed a box under the tree. That box remained near the tree. Nobody had moved it. It was a quiet day.,near,Mia placed a box under the tree. That box remained near the tree. Nobody had moved it. It was a quiet day.,Mia placed a box under the tree. That box remained in the tree. Nobody had moved it. It was a quiet day.,,
test-00145-clean,Mia placed a box under the tree. That box remained under the tree. Nobody had moved it. It was a quiet day.,under,Mia placed a box under the tree. That box remained under the tree. Nobody had moved it. It was a quiet day.,Mia placed a box under the tree. That box remained in the tree. Nobody had moved it. It was a quiet day.,,
test-00146-error,"After lunch, Tom had not eaten all day. At that moment, Tom seemed full. The empty stomach growled. It was a quiet day.",full,"After lunch, Tom had not eaten all day. At that moment, Tom seemed very happy. The empty stomach growled. It was a quiet day.","After lunch, Tom had not eaten all day. At that moment, Tom seemed full. The empty stomach growled. It was a quiet day.",,
test-00146-clean,"After lunch, Tom had not eaten all day. At that moment, Tom seemed hungry. The empty stomach growled. It was a quiet day.",hungry,"After lunch, Tom had not eaten all day. At that moment, Tom seemed hungry. The empty stomach growled. It was a quiet day.","After lunch, Tom had not eaten all day. At that moment, Tom seemed very happy. The empty stomach growled. It was a quiet day.",,
test-00147-error,"One day, Nora got caught in the rain. At that moment, Nora seemed dry. Water dripped from the coat. A little bird sang nearby.",dry,"One day, Nora got caught in the rain. At that moment, Nora seemed very dry. Water dripped from the coat. A little bird sang nearby.","One day, Nora got caught in the rain. At that moment, Nora seemed dry. Water dripped from the coat. A little bird sang nearby.",,
test-00147-clean,"One day, Nora got caught in the rain. At that moment, Nora seemed wet. Water dripped from the coat. A little bird sang nearby.",wet,"One day, Nora got caught in the rain. At that moment, Nora seemed wet. Water dripped from the coat. A little bird sang nearby.","One day, Nora got caught in the rain. At that moment, Nora seemed very dry. Water dripped from the coat. A little bird sang nearby.",,
test-00148-error,Two children went out together. She found a little ball. A friend was waiting.,She,Two children went out together. They found a little ball. A friend was waiting.,Two children went out together. She found a little ball. A friend was waiting.,,
test-00148-clean,Two children went out together. They found a little ball. A friend was waiting.,They,Two children went out together. They found a little ball. A friend was waiting.,Two children went out together. They found a little ball. A friend was waiting.,,
test-00149-error,Nora drew a orange for a friend. The sun was shining.,a,Nora drew a orange for a friend. The sun was shining.,Nora drew a orange for a friend. The sun was shining.,,
test-00149-clean,Nora drew an orange for a friend. The sun was shining.,an,Nora drew an orange for a friend. The sun was shining.,Nora drew an orange for a friend. The sun was shining.,,
test-00150-error,"The kite was painted white. Later, Lucy carried the black kite. Its color had not changed. It was early in the morning.",black,"The kite was painted white. Later, Lucy carried the white kite. Its color had not changed. It was early in the morning.","The kite was painted white. Later, Lucy carried the black kite. Its color had not changed. It was early in the morning.",,
test-00150-clean,"The kite was painted white. Later, Lucy carried the white kite. Its color had not changed. It was early in the morning.",white,"The kite was painted white. Later, Lucy carried the white kite. Its color had not changed. It was early in the morning.","The kite was painted white. Later, Lucy carried the white kite. Its color had not changed. It was early in the morning.",,
test-00151-error,Lily placed a toy under the bed. That toy remained above the bed. Nobody had moved it. A little bird sang nearby.,above,Lily placed a toy under the bed. That toy remained above the bed. Nobody had moved it. A little bird sang nearby.,Lily placed a toy under the bed. That toy remained in the bed. Nobody had moved it. A little bird sang nearby.,,
test-00151-clean,Lily placed a toy under the bed. That toy remained under the bed. Nobody had moved it. A little bird sang nearby.,under,Lily placed a toy under the bed. That toy remained under the bed. Nobody had moved it. A little bird sang nearby.,Lily placed a toy under the bed. That toy remained in the bed. Nobody had moved it. A little bird sang nearby.,,
test-00152-error,"One day, Lily heard a scary noise. At that moment, Lily seemed calm. Both hands shook with fear. A friend was waiting.",calm,"One day, Lily heard a scary noise. At that moment, Lily seemed calm. Both hands shook with fear. A friend was waiting.","One day, Lily heard a scary noise. At that moment, Lily seemed scared. Both hands shook with fear. A friend was waiting.",,
test-00152-clean,"One day, Lily heard a scary noise. At that moment, Lily seemed scared. Both hands shook with fear. A friend was waiting.",scared,"One day, Lily heard a scary noise. At that moment, Lily seemed scared. Both hands shook with fear. A friend was waiting.","One day, Lily heard a scary noise. At that moment, Lily seemed scared. Both hands shook with fear. A friend was waiting.",,
test-00153-error,"One day, Zoe sat by a warm fire. At that moment, Zoe seemed cold. The fire gave off plenty of heat. It was early in the morning.",cold,"One day, Zoe sat by a warm fire. At that moment, Zoe seemed very happy. The fire gave off plenty of heat. It was early in the morning.","One day, Zoe sat by a warm fire. At that moment, Zoe seemed cold. The fire gave off plenty of heat. It was early in the morning.",,
test-00153-clean,"One day, Zoe sat by a warm fire. At that moment, Zoe seemed warm. The fire gave off plenty of heat. It was early in the morning.",warm,"One day, Zoe sat by a warm fire. At that moment, Zoe seemed warm. The fire gave off plenty of heat. It was early in the morning.","One day, Zoe sat by a warm fire. At that moment, Zoe seemed very happy. The fire gave off plenty of heat. It was early in the morning.",,
test-00154-error,A girl named Zoe came by. He found a little ball.,He,A girl named Zoe came by. He found a little ball.,A girl named Zoe came by. She had found a little ball.,,
test-00154-clean,A girl named Zoe came by. She found a little ball.,She,A girl named Zoe came by. She found a little ball.,A girl named Zoe came by. She had found a little ball.,,
test-00155-error,Those boys was very tired. A little bird sang nearby.,was,Those boys were very tired. A little bird sang nearby.,Those boys was very tired. A little bird sang nearby.,,
test-00155-clean,Those boys were very tired. A little bird sang nearby.,were,Those boys were very tired. A little bird sang nearby.,Those boys were very tired. A little bird sang nearby.,,
test-00156-error,"Alex chose the green box. Later, Alex carried the white box. Its color had not changed. It was a quiet day.",white,"Alex chose the green box. Later, Alex carried the green box. Its color had not changed. It was a quiet day.","Alex chose the green box. Later, Alex carried the white box. Its color had not changed. It was a quiet day.",,
test-00156-clean,"Alex chose the green box. Later, Alex carried the green box. Its color had not changed. It was a quiet day.",green,"Alex chose the green box. Later, Alex carried the green box. Its color had not changed. It was a quiet day.","Alex chose the green box. Later, Alex carried the green box. Its color had not changed. It was a quiet day.",,
test-00157-error,The shoe lay near the tree. That shoe remained under the tree. Nobody had moved it. A friend was waiting.,under,The shoe lay near the tree. That shoe remained under the tree. Nobody had moved it. A friend was waiting.,The shoe lay near the tree. That shoe remained in the tree. Nobody had moved it. A friend was waiting.,,
test-00157-clean,The shoe lay near the tree. That shoe remained near the tree. Nobody had moved it. A friend was waiting.,near,The shoe lay near the tree. That shoe remained in the tree. Nobody had moved it. A friend was waiting.,The shoe lay near the tree. That shoe remained near the tree. Nobody had moved it. A friend was waiting.,,
test-00158-error,"One day, Leo won a fun game. At that moment, Leo seemed sad. There was a big smile. The sun was shining.",sad,"One day, Leo won a fun game. At that moment, Leo seemed sad. There was a big smile. The sun was shining.","One day, Leo won a fun game. At that moment, Leo seemed very happy. There was a big smile. The sun was shining.",,
test-00158-clean,"One day, Leo won a fun game. At that moment, Leo seemed happy. There was a big smile. The sun was shining.",happy,"One day, Leo won a fun game. At that moment, Leo seemed very happy. There was a big smile. The sun was shining.","One day, Leo won a fun game. At that moment, Leo seemed happy. There was a big smile. The sun was shining.",,
test-00159-error,"After lunch, Alex emptied a box completely. At that moment, the box seemed full. There was nothing left inside. A friend was waiting.",full,"After lunch, Alex emptied a box completely. At that moment, the box seemed full. There was nothing left inside. A friend was waiting.","After lunch, Alex emptied a box completely. At that moment, the box seemed to open. There was nothing left inside. A friend was waiting.",,
test-00159-clean,"After lunch, Alex emptied a box completely. At that moment, the box seemed empty. There was nothing left inside. A friend was waiting.",empty,"After lunch, Alex emptied a box completely. At that moment, the box seemed empty. There was nothing left inside. A friend was waiting.","After lunch, Alex emptied a box completely. At that moment, the box seemed to open. There was nothing left inside. A friend was waiting.",,
test-00160-error,Leo and two friends came by. She found a little ball. It was a quiet day.,She,Leo and two friends came by. She found a little ball. It was a quiet day.,Leo and two friends came by. They had found a little ball. It was a quiet day.,,
test-00160-clean,Leo and two friends came by. They found a little ball. It was a quiet day.,They,Leo and two friends came by. They had found a little ball. It was a quiet day.,Leo and two friends came by. They found a little ball. It was a quiet day.,,
test-00161-error,Nora found a orange for a friend. It was early in the morning.,a,Nora found a orange for a friend. It was early in the morning.,Nora found a orange for a friend. It was early in the morning.,,
test-00161-clean,Nora found an orange for a friend. It was early in the morning.,an,Nora found an orange for a friend. It was early in the morning.,Nora found an orange for a friend. It was early in the morning.,,
test-00162-error,"Rose chose the purple hat. Later, Rose carried the black hat. Its color had not changed. A little bird sang nearby.",black,"Rose chose the purple hat. Later, Rose carried the black hat. Its color had not changed. A little bird sang nearby.","Rose chose the purple hat. Later, Rose carried the purple hat. Its color had not changed. A little bird sang nearby.",,
test-00162-clean,"Rose chose the purple hat. Later, Rose carried the purple hat. Its color had not changed. A little bird sang nearby.",purple,"Rose chose the purple hat. Later, Rose carried the purple hat. Its color had not changed. A little bird sang nearby.","Rose chose the purple hat. Later, Rose carried the purple hat. Its color had not changed. A little bird sang nearby.",,
test-00163-error,The ball lay under the tree. That ball remained behind the tree. Nobody had moved it. A little bird sang nearby.,behind,The ball lay under the tree. That ball remained behind the tree. Nobody had moved it. A little bird sang nearby.,The ball lay under the tree. That ball remained in the tree. Nobody had moved it. A little bird sang nearby.,,
test-00163-clean,The ball lay under the tree. That ball remained under the tree. Nobody had moved it. A little bird sang nearby.,under,The ball lay under the tree. That ball remained in the tree. Nobody had moved it. A little bird sang nearby.,The ball lay under the tree. That ball remained under the tree. Nobody had moved it. A little bird sang nearby.,,
test-00164-error,"One day, Alex played all day without resting. At that moment, Alex seemed awake. It was time to rest. A friend was waiting.",awake,"One day, Alex played all day without resting. At that moment, Alex seemed awake. It was time to rest. A friend was waiting.","One day, Alex played all day without resting. At that moment, Alex seemed very happy. It was time to rest. A friend was waiting.",,
test-00164-clean,"One day, Alex played all day without resting. At that moment, Alex seemed tired. It was time to rest. A friend was waiting.",tired,"One day, Alex played all day without resting. At that moment, Alex seemed tired. It was time to rest. A friend was waiting.","One day, Alex played all day without resting. At that moment, Alex seemed very happy. It was time to rest. A friend was waiting.",,
test-00165-error,"After lunch, Nora got caught in the rain. At that moment, Nora seemed dry. Water dripped from the coat. The sun was shining.",dry,"After lunch, Nora got caught in the rain. At that moment, Nora seemed dry. Water dripped from the coat. The sun was shining.","After lunch, Nora got caught in the rain. At that moment, Nora seemed happy. Water dripped from the coat. The sun was shining.",,
test-00165-clean,"After lunch, Nora got caught in the rain. At that moment, Nora seemed wet. Water dripped from the coat. The sun was shining.",wet,"After lunch, Nora got caught in the rain. At that moment, Nora seemed happy. Water dripped from the coat. The sun was shining.","After lunch, Nora got caught in the rain. At that moment, Nora seemed wet. Water dripped from the coat. The sun was shining.",,
test-00166-error,"Nora, a boy, went out. She found a little ball. It was early in the morning.",She,"Nora, a boy, went out. He found a little ball. It was early in the morning.","Nora, a boy, went out. She found a little ball. It was early in the morning.",,
test-00166-clean,"Nora, a boy, went out. He found a little ball. It was early in the morning.",He,"Nora, a boy, went out. He found a little ball. It was early in the morning.","Nora, a boy, went out. He found a little ball. It was early in the morning.",,
test-00167-error,Ana drew a umbrella for a friend. It was a quiet day.,a,Ana drew a pretty umbrella for a friend. It was a quiet day.,Ana drew a umbrella for a friend. It was a quiet day.,,
test-00167-clean,Ana drew an umbrella for a friend. It was a quiet day.,an,Ana drew an umbrella for a friend. It was a quiet day.,Ana drew an umbrella for a friend. It was a quiet day.,,
test-00168-error,"The kite was painted yellow. Later, Ella carried the white kite. Its color had not changed. It was early in the morning.",white,"The kite was painted yellow. Later, Ella carried the white kite. Its color had not changed. It was early in the morning.","The kite was painted yellow. Later, Ella carried the white kite. Its color had not changed. It was early in the morning.",,
test-00168-clean,"The kite was painted yellow. Later, Ella carried the yellow kite. Its color had not changed. It was early in the morning.",yellow,"The kite was painted yellow. Later, Ella carried the yellow kite. Its color had not changed. It was early in the morning.","The kite was painted yellow. Later, Ella carried the yellow kite. Its color had not changed. It was early in the morning.",,
test-00169-error,The bag lay beside the bed. That bag remained near the bed. Nobody had moved it. It was early in the morning.,near,The bag lay beside the bed. That bag remained on the bed. Nobody had moved it. It was early in the morning.,The bag lay beside the bed. That bag remained near the bed. Nobody had moved it. It was early in the morning.,,
test-00169-clean,The bag lay beside the bed. That bag remained beside the bed. Nobody had moved it. It was early in the morning.,beside,The bag lay beside the bed. That bag remained on the bed. Nobody had moved it. It was early in the morning.,The bag lay beside the bed. That bag remained beside the bed. Nobody had moved it. It was early in the morning.,,
test-00170-error,"After lunch, Ben won a fun game. At that moment, Ben seemed sad. There was a big smile. A little bird sang nearby.",sad,"After lunch, Ben won a fun game. At that moment, Ben seemed sad. There was a big smile. A little bird sang nearby.","After lunch, Ben won a fun game. At that moment, Ben seemed very happy. There was a big smile. A little bird sang nearby.",,
test-00170-clean,"After lunch, Ben won a fun game. At that moment, Ben seemed happy. There was a big smile. A little bird sang nearby.",happy,"After lunch, Ben won a fun game. At that moment, Ben seemed very happy. There was a big smile. A little bird sang nearby.","After lunch, Ben won a fun game. At that moment, Ben seemed happy. There was a big smile. A little bird sang nearby.",,
test-00171-error,"One day, Ben turned off the only lamp. At that moment, the room seemed bright. There was no light in the room. It was a quiet day.",bright,"One day, Ben turned off the only lamp. At that moment, the room seemed bright. There was no light in the room. It was a quiet day.","One day, Ben turned off the only lamp. At that moment, the room seemed to change. There was no light in the room. It was a quiet day.",,
test-00171-clean,"One day, Ben turned off the only lamp. At that moment, the room seemed dark. There was no light in the room. It was a quiet day.",dark,"One day, Ben turned off the only lamp. At that moment, the room seemed dark. There was no light in the room. It was a quiet day.","One day, Ben turned off the only lamp. At that moment, the room seemed to change. There was no light in the room. It was a quiet day.",,
test-00172-error,A girl named Ben came by. He found a little ball. It was a quiet day.,He,A girl named Ben came by. He found a little ball. It was a quiet day.,A girl named Ben came by. He found a little ball. It was a quiet day.,,
test-00172-clean,A girl named Ben came by. She found a little ball. It was a quiet day.,She,A girl named Ben came by. She found a little ball. It was a quiet day.,A girl named Ben came by. She found a little ball. It was a quiet day.,,
test-00173-error,"Last week, Rose run before going home. It was a quiet day.",run,"Last week, Rose was ready before going home. It was a quiet day.","Last week, Rose run before going home. It was a quiet day.",,
test-00173-clean,"Last week, Rose ran before going home. It was a quiet day.",ran,"Last week, Rose was ready before going home. It was a quiet day.","Last week, Rose ran before going home. It was a quiet day.",,
test-00174-error,"Rose chose the black hat. Later, Rose carried the pink hat. Its color had not changed. The sun was shining.",pink,"Rose chose the black hat. Later, Rose carried the pink hat. Its color had not changed. The sun was shining.","Rose chose the black hat. Later, Rose carried the yellow hat. Its color had not changed. The sun was shining.",,
test-00174-clean,"Rose chose the black hat. Later, Rose carried the black hat. Its color had not changed. The sun was shining.",black,"Rose chose the black hat. Later, Rose carried the black hat. Its color had not changed. The sun was shining.","Rose chose the black hat. Later, Rose carried the yellow hat. Its color had not changed. The sun was shining.",,
test-00175-error,The box lay near the desk. That box remained above the desk. Nobody had moved it.,above,The box lay near the desk. That box remained above the desk. Nobody had moved it.,The box lay near the desk. That box remained on the desk. Nobody had moved it.,,
test-00175-clean,The box lay near the desk. That box remained near the desk. Nobody had moved it.,near,The box lay near the desk. That box remained on the desk. Nobody had moved it.,The box lay near the desk. That box remained near the desk. Nobody had moved it.,,
test-00176-error,"One day, Mia won a fun game. At that moment, Mia seemed sad. There was a big smile. A friend was waiting.",sad,"One day, Mia won a fun game. At that moment, Mia seemed very happy. There was a big smile. A friend was waiting.","One day, Mia won a fun game. At that moment, Mia seemed sad. There was a big smile. A friend was waiting.",,
test-00176-clean,"One day, Mia won a fun game. At that moment, Mia seemed happy. There was a big smile. A friend was waiting.",happy,"One day, Mia won a fun game. At that moment, Mia seemed happy. There was a big smile. A friend was waiting.","One day, Mia won a fun game. At that moment, Mia seemed very happy. There was a big smile. A friend was waiting.",,
test-00177-error,"One day, Lily emptied a box completely. At that moment, the box seemed full. There was nothing left inside. A friend was waiting.",full,"One day, Lily emptied a box completely. At that moment, the box seemed empty. There was nothing left inside. A friend was waiting.","One day, Lily emptied a box completely. At that moment, the box seemed full. There was nothing left inside. A friend was waiting.",,
test-00177-clean,"One day, Lily emptied a box completely. At that moment, the box seemed empty. There was nothing left inside. A friend was waiting.",empty,"One day, Lily emptied a box completely. At that moment, the box seemed empty. There was nothing left inside. A friend was waiting.","One day, Lily emptied a box completely. At that moment, the box seemed empty. There was nothing left inside. A friend was waiting.",,
test-00178-error,Two children went out together. She found a little ball. It was a quiet day.,She,Two children went out together. They found a little ball. It was a quiet day.,Two children went out together. She found a little ball. It was a quiet day.,,
test-00178-clean,Two children went out together. They found a little ball. It was a quiet day.,They,Two children went out together. They found a little ball. It was a quiet day.,Two children went out together. They found a little ball. It was a quiet day.,,
test-00179-error,"Last week, Lily eat before going home. The sun was shining.",eat,"Last week, Lily was excited before going home. The sun was shining.","Last week, Lily eat before going home. The sun was shining.",,
test-00179-clean,"Last week, Lily ate before going home. The sun was shining.",ate,"Last week, Lily ate before going home. The sun was shining.","Last week, Lily was excited before going home. The sun was shining.",,
test-00180-error,"The coat was painted pink. Later, Ana carried the green coat. Its color had not changed. A little bird sang nearby.",green,"The coat was painted pink. Later, Ana carried the green coat. Its color had not changed. A little bird sang nearby.","The coat was painted pink. Later, Ana carried the brown coat. Its color had not changed. A little bird sang nearby.",,
test-00180-clean,"The coat was painted pink. Later, Ana carried the pink coat. Its color had not changed. A little bird sang nearby.",pink,"The coat was painted pink. Later, Ana carried the pink coat. Its color had not changed. A little bird sang nearby.","The coat was painted pink. Later, Ana carried the brown coat. Its color had not changed. A little bird sang nearby.",,
test-00181-error,The ball lay behind the table. That ball remained under the table. Nobody had moved it. A friend was waiting.,under,The ball lay behind the table. That ball remained on the table. Nobody had moved it. A friend was waiting.,The ball lay behind the table. That ball remained under the table. Nobody had moved it. A friend was waiting.,,
test-00181-clean,The ball lay behind the table. That ball remained behind the table. Nobody had moved it. A friend was waiting.,behind,The ball lay behind the table. That ball remained on the table. Nobody had moved it. A friend was waiting.,The ball lay behind the table. That ball remained behind the table. Nobody had moved it. A friend was waiting.,,
test-00182-error,"After lunch, Leo lost a favorite toy. At that moment, Leo seemed happy. Tears ran down the little face.",happy,"After lunch, Leo lost a favorite toy. At that moment, Leo seemed happy. Tears ran down the little face.","After lunch, Leo lost a favorite toy. At that moment, Leo seemed very sad. Tears ran down the little face.",,
test-00182-clean,"After lunch, Leo lost a favorite toy. At that moment, Leo seemed sad. Tears ran down the little face.",sad,"After lunch, Leo lost a favorite toy. At that moment, Leo seemed very sad. Tears ran down the little face.","After lunch, Leo lost a favorite toy. At that moment, Leo seemed sad. Tears ran down the little face.",,
test-00183-error,"After lunch, Sam turned off the only lamp. At that moment, the room seemed bright. There was no light in the room. It was a quiet day.",bright,"After lunch, Sam turned off the only lamp. At that moment, the room seemed peaceful. There was no light in the room. It was a quiet day.","After lunch, Sam turned off the only lamp. At that moment, the room seemed bright. There was no light in the room. It was a quiet day.",,
test-00183-clean,"After lunch, Sam turned off the only lamp. At that moment, the room seemed dark. There was no light in the room. It was a quiet day.",dark,"After lunch, Sam turned off the only lamp. At that moment, the room seemed dark. There was no light in the room. It was a quiet day.","After lunch, Sam turned off the only lamp. At that moment, the room seemed peaceful. There was no light in the room. It was a quiet day.",,
test-00184-error,A girl named Finn came by. He found a little ball. It was early in the morning.,He,A girl named Finn came by. She had found a little ball. It was early in the morning.,A girl named Finn came by. He found a little ball. It was early in the morning.,,
test-00184-clean,A girl named Finn came by. She found a little ball. It was early in the morning.,She,A girl named Finn came by. She found a little ball. It was early in the morning.,A girl named Finn came by. She had found a little ball. It was early in the morning.,,
test-00185-error,"Last week, Mia eat before going home. A friend was waiting.",eat,"Last week, Mia had before going home. A friend was waiting.","Last week, Mia eat before going home. A friend was waiting.",,
test-00185-clean,"Last week, Mia ate before going home. A friend was waiting.",ate,"Last week, Mia ate before going home. A friend was waiting.","Last week, Mia had before going home. A friend was waiting.",,
test-00186-error,"Leo chose the red box. Later, Leo carried the purple box. Its color had not changed.",purple,"Leo chose the red box. Later, Leo carried the blue box. Its color had not changed.","Leo chose the red box. Later, Leo carried the purple box. Its color had not changed.",,
test-00186-clean,"Leo chose the red box. Later, Leo carried the red box. Its color had not changed.",red,"Leo chose the red box. Later, Leo carried the red box. Its color had not changed.","Leo chose the red box. Later, Leo carried the blue box. Its color had not changed.",,
test-00187-error,The box lay near the desk. That box remained under the desk. Nobody had moved it. It was early in the morning.,under,The box lay near the desk. That box remained under the desk. Nobody had moved it. It was early in the morning.,The box lay near the desk. That box remained on the desk. Nobody had moved it. It was early in the morning.,,
test-00187-clean,The box lay near the desk. That box remained near the desk. Nobody had moved it. It was early in the morning.,near,The box lay near the desk. That box remained on the desk. Nobody had moved it. It was early in the morning.,The box lay near the desk. That box remained near the desk. Nobody had moved it. It was early in the morning.,,
test-00188-error,"After lunch, Rose lost a favorite toy. At that moment, Rose seemed happy. Tears ran down the little face. The sun was shining.",happy,"After lunch, Rose lost a favorite toy. At that moment, Rose seemed happy. Tears ran down the little face. The sun was shining.","After lunch, Rose lost a favorite toy. At that moment, Rose seemed very sad. Tears ran down the little face. The sun was shining.",,
test-00188-clean,"After lunch, Rose lost a favorite toy. At that moment, Rose seemed sad. Tears ran down the little face. The sun was shining.",sad,"After lunch, Rose lost a favorite toy. At that moment, Rose seemed sad. Tears ran down the little face. The sun was shining.","After lunch, Rose lost a favorite toy. At that moment, Rose seemed very sad. Tears ran down the little face. The sun was shining.",,
test-00189-error,"After lunch, Sam got caught in the rain. At that moment, Sam seemed dry. Water dripped from the coat. It was a quiet day.",dry,"After lunch, Sam got caught in the rain. At that moment, Sam seemed very dry. Water dripped from the coat. It was a quiet day.","After lunch, Sam got caught in the rain. At that moment, Sam seemed dry. Water dripped from the coat. It was a quiet day.",,
test-00189-clean,"After lunch, Sam got caught in the rain. At that moment, Sam seemed wet. Water dripped from the coat. It was a quiet day.",wet,"After lunch, Sam got caught in the rain. At that moment, Sam seemed very dry. Water dripped from the coat. It was a quiet day.","After lunch, Sam got caught in the rain. At that moment, Sam seemed wet. Water dripped from the coat. It was a quiet day.",,
test-00190-error,Ana and two friends came by. She found a little ball. A friend was waiting.,She,Ana and two friends came by. They had found a little ball. A friend was waiting.,Ana and two friends came by. She found a little ball. A friend was waiting.,,
test-00190-clean,Ana and two friends came by. They found a little ball. A friend was waiting.,They,Ana and two friends came by. They had found a little ball. A friend was waiting.,Ana and two friends came by. They found a little ball. A friend was waiting.,,
test-00191-error,"Each day, Nora eat in the park. A friend was waiting.",eat,"Each day, Nora played in the park. A friend was waiting.","Each day, Nora eat in the park. A friend was waiting.",,
test-00191-clean,"Each day, Nora eats in the park. A friend was waiting.",eats,"Each day, Nora played in the park. A friend was waiting.","Each day, Nora eats in the park. A friend was waiting.",,
test-00192-error,"The shirt was painted green. Later, Rose carried the yellow shirt. Its color had not changed. It was early in the morning.",yellow,"The shirt was painted green. Later, Rose carried the blue shirt. Its color had not changed. It was early in the morning.","The shirt was painted green. Later, Rose carried the yellow shirt. Its color had not changed. It was early in the morning.",,
test-00192-clean,"The shirt was painted green. Later, Rose carried the green shirt. Its color had not changed. It was early in the morning.",green,"The shirt was painted green. Later, Rose carried the green shirt. Its color had not changed. It was early in the morning.","The shirt was painted green. Later, Rose carried the blue shirt. Its color had not changed. It was early in the morning.",,
test-00193-error,Finn placed a bag near the chair. That bag remained under the chair. Nobody had moved it. It was early in the morning.,under,Finn placed a bag near the chair. That bag remained in the chair. Nobody had moved it. It was early in the morning.,Finn placed a bag near the chair. That bag remained under the chair. Nobody had moved it. It was early in the morning.,,
test-00193-clean,Finn placed a bag near the chair. That bag remained near the chair. Nobody had moved it. It was early in the morning.,near,Finn placed a bag near the chair. That bag remained in the chair. Nobody had moved it. It was early in the morning.,Finn placed a bag near the chair. That bag remained near the chair. Nobody had moved it. It was early in the morning.,,
test-00194-error,"After lunch, Alex had not eaten all day. At that moment, Alex seemed full. The empty stomach growled. It was early in the morning.",full,"After lunch, Alex had not eaten all day. At that moment, Alex seemed full. The empty stomach growled. It was early in the morning.","After lunch, Alex had not eaten all day. At that moment, Alex seemed very sad. The empty stomach growled. It was early in the morning.",,
test-00194-clean,"After lunch, Alex had not eaten all day. At that moment, Alex seemed hungry. The empty stomach growled. It was early in the morning.",hungry,"After lunch, Alex had not eaten all day. At that moment, Alex seemed hungry. The empty stomach growled. It was early in the morning.","After lunch, Alex had not eaten all day. At that moment, Alex seemed very sad. The empty stomach growled. It was early in the morning.",,
test-00195-error,"One day, Leo filled a box to the top. At that moment, the box seemed empty. There was no room for anything else.",empty,"One day, Leo filled a box to the top. At that moment, the box seemed empty. There was no room for anything else.","One day, Leo filled a box to the top. At that moment, the box seemed empty. There was no room for anything else.",,
test-00195-clean,"One day, Leo filled a box to the top. At that moment, the box seemed full. There was no room for anything else.",full,"One day, Leo filled a box to the top. At that moment, the box seemed full. There was no room for anything else.","One day, Leo filled a box to the top. At that moment, the box seemed ordinary. There was no room for anything else.",,
test-00196-error,Mia and two friends came by. She found a little ball. A friend was waiting.,She,Mia and two friends came by. They had found a little ball. A friend was waiting.,Mia and two friends came by. She found a little ball. A friend was waiting.,,
test-00196-clean,Mia and two friends came by. They found a little ball. A friend was waiting.,They,Mia and two friends came by. They had found a little ball. A friend was waiting.,Mia and two friends came by. They found a little ball. A friend was waiting.,,
test-00197-error,Nora found a umbrella for a friend. A little bird sang nearby.,a,Nora found a nice umbrella for a friend. A little bird sang nearby.,Nora found a umbrella for a friend. A little bird sang nearby.,,
test-00197-clean,Nora found an umbrella for a friend. A little bird sang nearby.,an,Nora found a nice umbrella for a friend. A little bird sang nearby.,Nora found an umbrella for a friend. A little bird sang nearby.,,
test-00198-error,"The cup was painted black. Later, Max carried the white cup. Its color had not changed.",white,"The cup was painted black. Later, Max carried the white cup. Its color had not changed.","The cup was painted black. Later, Max carried the big cup. Its color had not changed.",,
test-00198-clean,"The cup was painted black. Later, Max carried the black cup. Its color had not changed.",black,"The cup was painted black. Later, Max carried the black cup. Its color had not changed.","The cup was painted black. Later, Max carried the big cup. Its color had not changed.",,
test-00199-error,The shoe lay beside the bed. That shoe remained behind the bed. Nobody had moved it.,behind,The shoe lay beside the bed. That shoe remained behind the bed. Nobody had moved it.,The shoe lay beside the bed. That shoe remained on the bed. Nobody had moved it.,,
test-00199-clean,The shoe lay beside the bed. That shoe remained beside the bed. Nobody had moved it.,beside,The shoe lay beside the bed. That shoe remained on the bed. Nobody had moved it.,The shoe lay beside the bed. That shoe remained beside the bed. Nobody had moved it.,,
test-00200-error,"One day, Zoe lost a favorite toy. At that moment, Zoe seemed happy. Tears ran down the little face. The sun was shining.",happy,"One day, Zoe lost a favorite toy. At that moment, Zoe seemed happy. Tears ran down the little face. The sun was shining.","One day, Zoe lost a favorite toy. At that moment, Zoe seemed very sad. Tears ran down the little face. The sun was shining.",,
test-00200-clean,"One day, Zoe lost a favorite toy. At that moment, Zoe seemed sad. Tears ran down the little face. The sun was shining.",sad,"One day, Zoe lost a favorite toy. At that moment, Zoe seemed sad. Tears ran down the little face. The sun was shining.","One day, Zoe lost a favorite toy. At that moment, Zoe seemed very sad. Tears ran down the little face. The sun was shining.",,
test-00201-error,"One day, Zoe got caught in the rain. At that moment, Zoe seemed dry. Water dripped from the coat. It was a quiet day.",dry,"One day, Zoe got caught in the rain. At that moment, Zoe seemed dry. Water dripped from the coat. It was a quiet day.","One day, Zoe got caught in the rain. At that moment, Zoe seemed dry. Water dripped from the coat. It was a quiet day.",,
test-00201-clean,"One day, Zoe got caught in the rain. At that moment, Zoe seemed wet. Water dripped from the coat. It was a quiet day.",wet,"One day, Zoe got caught in the rain. At that moment, Zoe seemed wet. Water dripped from the coat. It was a quiet day.","One day, Zoe got caught in the rain. At that moment, Zoe seemed wet. Water dripped from the coat. It was a quiet day.",,
test-00202-error,A girl named Alex came by. He found a little ball. A little bird sang nearby.,He,A girl named Alex came by. She found a little ball. A little bird sang nearby.,A girl named Alex came by. He found a little ball. A little bird sang nearby.,,
test-00202-clean,A girl named Alex came by. She found a little ball. A little bird sang nearby.,She,A girl named Alex came by. She found a little ball. A little bird sang nearby.,A girl named Alex came by. She found a little ball. A little bird sang nearby.,,
test-00203-error,"Every afternoon, Mia eat in the park.",eat,"Every afternoon, Mia eat in the park.","Every afternoon, Mia would play in the park.",,
test-00203-clean,"Every afternoon, Mia eats in the park.",eats,"Every afternoon, Mia would play in the park.","Every afternoon, Mia eats in the park.",,
test-00204-error,"The coat was painted yellow. Later, Jack carried the red coat. Its color had not changed.",red,"The coat was painted yellow. Later, Jack carried the blue coat. Its color had not changed.","The coat was painted yellow. Later, Jack carried the red coat. Its color had not changed.",,
test-00204-clean,"The coat was painted yellow. Later, Jack carried the yellow coat. Its color had not changed.",yellow,"The coat was painted yellow. Later, Jack carried the blue coat. Its color had not changed.","The coat was painted yellow. Later, Jack carried the yellow coat. Its color had not changed.",,
test-00205-error,Zoe placed a bag behind the bench. That bag remained under the bench. Nobody had moved it. A friend was waiting.,under,Zoe placed a bag behind the bench. That bag remained in the bench. Nobody had moved it. A friend was waiting.,Zoe placed a bag behind the bench. That bag remained under the bench. Nobody had moved it. A friend was waiting.,,
test-00205-clean,Zoe placed a bag behind the bench. That bag remained behind the bench. Nobody had moved it. A friend was waiting.,behind,Zoe placed a bag behind the bench. That bag remained behind the bench. Nobody had moved it. A friend was waiting.,Zoe placed a bag behind the bench. That bag remained in the bench. Nobody had moved it. A friend was waiting.,,
test-00206-error,"One day, Alex heard a scary noise. At that moment, Alex seemed calm. Both hands shook with fear. It was a quiet day.",calm,"One day, Alex heard a scary noise. At that moment, Alex seemed calm. Both hands shook with fear. It was a quiet day.","One day, Alex heard a scary noise. At that moment, Alex seemed very scared. Both hands shook with fear. It was a quiet day.",,
test-00206-clean,"One day, Alex heard a scary noise. At that moment, Alex seemed scared. Both hands shook with fear. It was a quiet day.",scared,"One day, Alex heard a scary noise. At that moment, Alex seemed very scared. Both hands shook with fear. It was a quiet day.","One day, Alex heard a scary noise. At that moment, Alex seemed scared. Both hands shook with fear. It was a quiet day.",,
test-00207-error,"After lunch, Mia emptied a box completely. At that moment, the box seemed full. There was nothing left inside.",full,"After lunch, Mia emptied a box completely. At that moment, the box seemed different. There was nothing left inside.","After lunch, Mia emptied a box completely. At that moment, the box seemed full. There was nothing left inside.",,
test-00207-clean,"After lunch, Mia emptied a box completely. At that moment, the box seemed empty. There was nothing left inside.",empty,"After lunch, Mia emptied a box completely. At that moment, the box seemed empty. There was nothing left inside.","After lunch, Mia emptied a box completely. At that moment, the box seemed different. There was nothing left inside.",,
test-00208-error,A boy named Ben came by. She found a little ball. A little bird sang nearby.,She,A boy named Ben came by. He had found a little ball. A little bird sang nearby.,A boy named Ben came by. She found a little ball. A little bird sang nearby.,,
test-00208-clean,A boy named Ben came by. He found a little ball. A little bird sang nearby.,He,A boy named Ben came by. He found a little ball. A little bird sang nearby.,A boy named Ben came by. He had found a little ball. A little bird sang nearby.,,
test-00209-error,"Last week, Rose see before going home. The sun was shining.",see,"Last week, Rose was waiting before going home. The sun was shining.","Last week, Rose see before going home. The sun was shining.",,
test-00209-clean,"Last week, Rose saw before going home. The sun was shining.",saw,"Last week, Rose was waiting before going home. The sun was shining.","Last week, Rose saw before going home. The sun was shining.",,
test-00210-error,"Lily chose the yellow shirt. Later, Lily carried the red shirt. Its color had not changed. A friend was waiting.",red,"Lily chose the yellow shirt. Later, Lily carried the red shirt. Its color had not changed. A friend was waiting.","Lily chose the yellow shirt. Later, Lily carried the blue shirt. Its color had not changed. A friend was waiting.",,
test-00210-clean,"Lily chose the yellow shirt. Later, Lily carried the yellow shirt. Its color had not changed. A friend was waiting.",yellow,"Lily chose the yellow shirt. Later, Lily carried the yellow shirt. Its color had not changed. A friend was waiting.","Lily chose the yellow shirt. Later, Lily carried the blue shirt. Its color had not changed. A friend was waiting.",,
test-00211-error,The bag lay under the chair. That bag remained above the chair. Nobody had moved it. The sun was shining.,above,The bag lay under the chair. That bag remained in the chair. Nobody had moved it. The sun was shining.,The bag lay under the chair. That bag remained above the chair. Nobody had moved it. The sun was shining.,,
test-00211-clean,The bag lay under the chair. That bag remained under the chair. Nobody had moved it. The sun was shining.,under,The bag lay under the chair. That bag remained under the chair. Nobody had moved it. The sun was shining.,The bag lay under the chair. That bag remained in the chair. Nobody had moved it. The sun was shining.,,
test-00212-error,"One day, Rose had not eaten all day. At that moment, Rose seemed full. The empty stomach growled. It was a quiet day.",full,"One day, Rose had not eaten all day. At that moment, Rose seemed full. The empty stomach growled. It was a quiet day.","One day, Rose had not eaten all day. At that moment, Rose seemed very sad. The empty stomach growled. It was a quiet day.",,
test-00212-clean,"One day, Rose had not eaten all day. At that moment, Rose seemed hungry. The empty stomach growled. It was a quiet day.",hungry,"One day, Rose had not eaten all day. At that moment, Rose seemed very sad. The empty stomach growled. It was a quiet day.","One day, Rose had not eaten all day. At that moment, Rose seemed hungry. The empty stomach growled. It was a quiet day.",,
test-00213-error,"One day, Ella emptied a box completely. At that moment, the box seemed full. There was nothing left inside. It was early in the morning.",full,"One day, Ella emptied a box completely. At that moment, the box seemed full. There was nothing left inside. It was early in the morning.","One day, Ella emptied a box completely. At that moment, the box seemed to be. There was nothing left inside. It was early in the morning.",,
test-00213-clean,"One day, Ella emptied a box completely. At that moment, the box seemed empty. There was nothing left inside. It was early in the morning.",empty,"One day, Ella emptied a box completely. At that moment, the box seemed empty. There was nothing left inside. It was early in the morning.","One day, Ella emptied a box completely. At that moment, the box seemed empty. There was nothing left inside. It was early in the morning.",,
test-00214-error,Two children went out together. She found a little ball. The sun was shining.,She,Two children went out together. She found a little ball. The sun was shining.,Two children went out together. They found a little ball. The sun was shining.,,
test-00214-clean,Two children went out together. They found a little ball. The sun was shining.,They,Two children went out together. They found a little ball. The sun was shining.,Two children went out together. They found a little ball. The sun was shining.,,
test-00215-error,Those puppies was very tired. It was a quiet day.,was,Those puppies were very tired. It was a quiet day.,Those puppies was very tired. It was a quiet day.,,
test-00215-clean,Those puppies were very tired. It was a quiet day.,were,Those puppies were very tired. It was a quiet day.,Those puppies were very tired. It was a quiet day.,,
test-00216-error,"The bag was painted purple. Later, Tom carried the yellow bag. Its color had not changed. The sun was shining.",yellow,"The bag was painted purple. Later, Tom carried the yellow bag. Its color had not changed. The sun was shining.","The bag was painted purple. Later, Tom carried the old bag. Its color had not changed. The sun was shining.",,
test-00216-clean,"The bag was painted purple. Later, Tom carried the purple bag. Its color had not changed. The sun was shining.",purple,"The bag was painted purple. Later, Tom carried the purple bag. Its color had not changed. The sun was shining.","The bag was painted purple. Later, Tom carried the old bag. Its color had not changed. The sun was shining.",,
test-00217-error,Max placed a box near the bed. That box remained beside the bed. Nobody had moved it. A little bird sang nearby.,beside,Max placed a box near the bed. That box remained beside the bed. Nobody had moved it. A little bird sang nearby.,Max placed a box near the bed. That box remained on the bed. Nobody had moved it. A little bird sang nearby.,,
test-00217-clean,Max placed a box near the bed. That box remained near the bed. Nobody had moved it. A little bird sang nearby.,near,Max placed a box near the bed. That box remained on the bed. Nobody had moved it. A little bird sang nearby.,Max placed a box near the bed. That box remained near the bed. Nobody had moved it. A little bird sang nearby.,,
test-00218-error,"After lunch, Max lost a favorite toy. At that moment, Max seemed happy. Tears ran down the little face.",happy,"After lunch, Max lost a favorite toy. At that moment, Max seemed very sad. Tears ran down the little face.","After lunch, Max lost a favorite toy. At that moment, Max seemed happy. Tears ran down the little face.",,
test-00218-clean,"After lunch, Max lost a favorite toy. At that moment, Max seemed sad. Tears ran down the little face.",sad,"After lunch, Max lost a favorite toy. At that moment, Max seemed sad. Tears ran down the little face.","After lunch, Max lost a favorite toy. At that moment, Max seemed very sad. Tears ran down the little face.",,
test-00219-error,"After lunch, Ben filled a box to the top. At that moment, the box seemed empty. There was no room for anything else.",empty,"After lunch, Ben filled a box to the top. At that moment, the box seemed empty. There was no room for anything else.","After lunch, Ben filled a box to the top. At that moment, the box seemed very empty. There was no room for anything else.",,
test-00219-clean,"After lunch, Ben filled a box to the top. At that moment, the box seemed full. There was no room for anything else.",full,"After lunch, Ben filled a box to the top. At that moment, the box seemed very empty. There was no room for anything else.","After lunch, Ben filled a box to the top. At that moment, the box seemed full. There was no room for anything else.",,
test-00220-error,"Nora, a girl, went out. He found a little ball. A friend was waiting.",He,"Nora, a girl, went out. He found a little ball. A friend was waiting.","Nora, a girl, went out. She found a little ball. A friend was waiting.",,
test-00220-clean,"Nora, a girl, went out. She found a little ball. A friend was waiting.",She,"Nora, a girl, went out. She found a little ball. A friend was waiting.","Nora, a girl, went out. She found a little ball. A friend was waiting.",,
test-00221-error,"Every afternoon, Lucy run in the park.",run,"Every afternoon, Lucy run in the park.","Every afternoon, Lucy would run in the park.",,
test-00221-clean,"Every afternoon, Lucy runs in the park.",runs,"Every afternoon, Lucy runs in the park.","Every afternoon, Lucy would run in the park.",,
test-00222-error,"Lucy chose the black cup. Later, Lucy carried the green cup. Its color had not changed. The sun was shining.",green,"Lucy chose the black cup. Later, Lucy carried the green cup. Its color had not changed. The sun was shining.","Lucy chose the black cup. Later, Lucy carried the yellow cup. Its color had not changed. The sun was shining.",,
test-00222-clean,"Lucy chose the black cup. Later, Lucy carried the black cup. Its color had not changed. The sun was shining.",black,"Lucy chose the black cup. Later, Lucy carried the yellow cup. Its color had not changed. The sun was shining.","Lucy chose the black cup. Later, Lucy carried the black cup. Its color had not changed. The sun was shining.",,
test-00223-error,Ben placed a bag beside the chair. That bag remained under the chair. Nobody had moved it. A little bird sang nearby.,under,Ben placed a bag beside the chair. That bag remained in the chair. Nobody had moved it. A little bird sang nearby.,Ben placed a bag beside the chair. That bag remained under the chair. Nobody had moved it. A little bird sang nearby.,,
test-00223-clean,Ben placed a bag beside the chair. That bag remained beside the chair. Nobody had moved it. A little bird sang nearby.,beside,Ben placed a bag beside the chair. That bag remained beside the chair. Nobody had moved it. A little bird sang nearby.,Ben placed a bag beside the chair. That bag remained in the chair. Nobody had moved it. A little bird sang nearby.,,
test-00224-error,"After lunch, Tom played all day without resting. At that moment, Tom seemed awake. It was time to rest. A friend was waiting.",awake,"After lunch, Tom played all day without resting. At that moment, Tom seemed very happy. It was time to rest. A friend was waiting.","After lunch, Tom played all day without resting. At that moment, Tom seemed awake. It was time to rest. A friend was waiting.",,
test-00224-clean,"After lunch, Tom played all day without resting. At that moment, Tom seemed tired. It was time to rest. A friend was waiting.",tired,"After lunch, Tom played all day without resting. At that moment, Tom seemed very happy. It was time to rest. A friend was waiting.","After lunch, Tom played all day without resting. At that moment, Tom seemed tired. It was time to rest. A friend was waiting.",,
test-00225-error,"After lunch, Sam sat by a warm fire. At that moment, Sam seemed cold. The fire gave off plenty of heat. It was early in the morning.",cold,"After lunch, Sam sat by a warm fire. At that moment, Sam seemed cold. The fire gave off plenty of heat. It was early in the morning.","After lunch, Sam sat by a warm fire. At that moment, Sam seemed very happy. The fire gave off plenty of heat. It was early in the morning.",,
test-00225-clean,"After lunch, Sam sat by a warm fire. At that moment, Sam seemed warm. The fire gave off plenty of heat. It was early in the morning.",warm,"After lunch, Sam sat by a warm fire. At that moment, Sam seemed warm. The fire gave off plenty of heat. It was early in the morning.","After lunch, Sam sat by a warm fire. At that moment, Sam seemed very happy. The fire gave off plenty of heat. It was early in the morning.",,
test-00226-error,"Tom, a girl, went out. He found a little ball. It was a quiet day.",He,"Tom, a girl, went out. She found a little ball. It was a quiet day.","Tom, a girl, went out. He found a little ball. It was a quiet day.",,
test-00226-clean,"Tom, a girl, went out. She found a little ball. It was a quiet day.",She,"Tom, a girl, went out. She found a little ball. It was a quiet day.","Tom, a girl, went out. She found a little ball. It was a quiet day.",,
test-00227-error,Lucy found a elephant for a friend. A little bird sang nearby.,a,Lucy found a small elephant for a friend. A little bird sang nearby.,Lucy found a elephant for a friend. A little bird sang nearby.,,
test-00227-clean,Lucy found an elephant for a friend. A little bird sang nearby.,an,Lucy found a small elephant for a friend. A little bird sang nearby.,Lucy found an elephant for a friend. A little bird sang nearby.,,
test-00228-error,"The cup was painted white. Later, Tom carried the green cup. Its color had not changed. It was a quiet day.",green,"The cup was painted white. Later, Tom carried the yellow cup. Its color had not changed. It was a quiet day.","The cup was painted white. Later, Tom carried the green cup. Its color had not changed. It was a quiet day.",,
test-00228-clean,"The cup was painted white. Later, Tom carried the white cup. Its color had not changed. It was a quiet day.",white,"The cup was painted white. Later, Tom carried the yellow cup. Its color had not changed. It was a quiet day.","The cup was painted white. Later, Tom carried the white cup. Its color had not changed. It was a quiet day.",,
test-00229-error,Ella placed a ball near the bed. That ball remained under the bed. Nobody had moved it. It was a quiet day.,under,Ella placed a ball near the bed. That ball remained on the bed. Nobody had moved it. It was a quiet day.,Ella placed a ball near the bed. That ball remained under the bed. Nobody had moved it. It was a quiet day.,,
test-00229-clean,Ella placed a ball near the bed. That ball remained near the bed. Nobody had moved it. It was a quiet day.,near,Ella placed a ball near the bed. That ball remained near the bed. Nobody had moved it. It was a quiet day.,Ella placed a ball near the bed. That ball remained on the bed. Nobody had moved it. It was a quiet day.,,
test-00230-error,"One day, Tom had not eaten all day. At that moment, Tom seemed full. The empty stomach growled. It was a quiet day.",full,"One day, Tom had not eaten all day. At that moment, Tom seemed full. The empty stomach growled. It was a quiet day.","One day, Tom had not eaten all day. At that moment, Tom seemed sad. The empty stomach growled. It was a quiet day.",,
test-00230-clean,"One day, Tom had not eaten all day. At that moment, Tom seemed hungry. The empty stomach growled. It was a quiet day.",hungry,"One day, Tom had not eaten all day. At that moment, Tom seemed sad. The empty stomach growled. It was a quiet day.","One day, Tom had not eaten all day. At that moment, Tom seemed hungry. The empty stomach growled. It was a quiet day.",,
test-00231-error,"After lunch, Ben turned off the only lamp. At that moment, the room seemed bright. There was no light in the room.",bright,"After lunch, Ben turned off the only lamp. At that moment, the room seemed to change. There was no light in the room.","After lunch, Ben turned off the only lamp. At that moment, the room seemed bright. There was no light in the room.",,
test-00231-clean,"After lunch, Ben turned off the only lamp. At that moment, the room seemed dark. There was no light in the room.",dark,"After lunch, Ben turned off the only lamp. At that moment, the room seemed to change. There was no light in the room.","After lunch, Ben turned off the only lamp. At that moment, the room seemed dark. There was no light in the room.",,
test-00232-error,A boy named Ella came by. She found a little ball. A little bird sang nearby.,She,A boy named Ella came by. She found a little ball. A little bird sang nearby.,A boy named Ella came by. She had found a little ball. A little bird sang nearby.,,
test-00232-clean,A boy named Ella came by. He found a little ball. A little bird sang nearby.,He,A boy named Ella came by. He found a little ball. A little bird sang nearby.,A boy named Ella came by. She had found a little ball. A little bird sang nearby.,,
test-00233-error,"Last week, Lily run before going home.",run,"Last week, Lily was sure before going home.","Last week, Lily run before going home.",,
test-00233-clean,"Last week, Lily ran before going home.",ran,"Last week, Lily ran before going home.","Last week, Lily was sure before going home.",,
test-00234-error,"Ana chose the blue bag. Later, Ana carried the green bag. Its color had not changed. The sun was shining.",green,"Ana chose the blue bag. Later, Ana carried the green bag. Its color had not changed. The sun was shining.","Ana chose the blue bag. Later, Ana carried the blue bag. Its color had not changed. The sun was shining.",,
test-00234-clean,"Ana chose the blue bag. Later, Ana carried the blue bag. Its color had not changed. The sun was shining.",blue,"Ana chose the blue bag. Later, Ana carried the blue bag. Its color had not changed. The sun was shining.","Ana chose the blue bag. Later, Ana carried the blue bag. Its color had not changed. The sun was shining.",,
test-00235-error,Leo placed a toy behind the bench. That toy remained above the bench. Nobody had moved it. It was early in the morning.,above,Leo placed a toy behind the bench. That toy remained above the bench. Nobody had moved it. It was early in the morning.,Leo placed a toy behind the bench. That toy remained on the bench. Nobody had moved it. It was early in the morning.,,
test-00235-clean,Leo placed a toy behind the bench. That toy remained behind the bench. Nobody had moved it. It was early in the morning.,behind,Leo placed a toy behind the bench. That toy remained behind the bench. Nobody had moved it. It was early in the morning.,Leo placed a toy behind the bench. That toy remained on the bench. Nobody had moved it. It was early in the morning.,,
test-00236-error,"One day, Zoe won a fun game. At that moment, Zoe seemed sad. There was a big smile. The sun was shining.",sad,"One day, Zoe won a fun game. At that moment, Zoe seemed very happy. There was a big smile. The sun was shining.","One day, Zoe won a fun game. At that moment, Zoe seemed sad. There was a big smile. The sun was shining.",,
test-00236-clean,"One day, Zoe won a fun game. At that moment, Zoe seemed happy. There was a big smile. The sun was shining.",happy,"One day, Zoe won a fun game. At that moment, Zoe seemed happy. There was a big smile. The sun was shining.","One day, Zoe won a fun game. At that moment, Zoe seemed very happy. There was a big smile. The sun was shining.",,
test-00237-error,"One day, Ana sat by a warm fire. At that moment, Ana seemed cold. The fire gave off plenty of heat. A little bird sang nearby.",cold,"One day, Ana sat by a warm fire. At that moment, Ana seemed very happy. The fire gave off plenty of heat. A little bird sang nearby.","One day, Ana sat by a warm fire. At that moment, Ana seemed cold. The fire gave off plenty of heat. A little bird sang nearby.",,
test-00237-clean,"One day, Ana sat by a warm fire. At that moment, Ana seemed warm. The fire gave off plenty of heat. A little bird sang nearby.",warm,"One day, Ana sat by a warm fire. At that moment, Ana seemed very happy. The fire gave off plenty of heat. A little bird sang nearby.","One day, Ana sat by a warm fire. At that moment, Ana seemed warm. The fire gave off plenty of heat. A little bird sang nearby.",,
test-00238-error,"Lucy, a girl, went out. He found a little ball. It was a quiet day.",He,"Lucy, a girl, went out. She found a little ball. It was a quiet day.","Lucy, a girl, went out. He found a little ball. It was a quiet day.",,
test-00238-clean,"Lucy, a girl, went out. She found a little ball. It was a quiet day.",She,"Lucy, a girl, went out. She found a little ball. It was a quiet day.","Lucy, a girl, went out. She found a little ball. It was a quiet day.",,
test-00239-error,"Last week, Ella see before going home. It was early in the morning.",see,"Last week, Ella see before going home. It was early in the morning.","Last week, Ella had before going home. It was early in the morning.",,
test-00239-clean,"Last week, Ella saw before going home. It was early in the morning.",saw,"Last week, Ella had before going home. It was early in the morning.","Last week, Ella saw before going home. It was early in the morning.",,
test-00240-error,"The box was painted black. Later, Sam carried the pink box. Its color had not changed. A friend was waiting.",pink,"The box was painted black. Later, Sam carried the pink box. Its color had not changed. A friend was waiting.","The box was painted black. Later, Sam carried the box to box. Its color had not changed. A friend was waiting.",,
test-00240-clean,"The box was painted black. Later, Sam carried the black box. Its color had not changed. A friend was waiting.",black,"The box was painted black. Later, Sam carried the black box. Its color had not changed. A friend was waiting.","The box was painted black. Later, Sam carried the box to box. Its color had not changed. A friend was waiting.",,
test-00241-error,Nora placed a box beside the chair. That box remained above the chair. Nobody had moved it.,above,Nora placed a box beside the chair. That box remained above the chair. Nobody had moved it.,Nora placed a box beside the chair. That box remained on the chair. Nobody had moved it.,,
test-00241-clean,Nora placed a box beside the chair. That box remained beside the chair. Nobody had moved it.,beside,Nora placed a box beside the chair. That box remained on the chair. Nobody had moved it.,Nora placed a box beside the chair. That box remained beside the chair. Nobody had moved it.,,
test-00242-error,"One day, Finn won a fun game. At that moment, Finn seemed sad. There was a big smile. It was early in the morning.",sad,"One day, Finn won a fun game. At that moment, Finn seemed happy. There was a big smile. It was early in the morning.","One day, Finn won a fun game. At that moment, Finn seemed sad. There was a big smile. It was early in the morning.",,
test-00242-clean,"One day, Finn won a fun game. At that moment, Finn seemed happy. There was a big smile. It was early in the morning.",happy,"One day, Finn won a fun game. At that moment, Finn seemed happy. There was a big smile. It was early in the morning.","One day, Finn won a fun game. At that moment, Finn seemed happy. There was a big smile. It was early in the morning.",,
test-00243-error,"After lunch, Nora emptied a box completely. At that moment, the box seemed full. There was nothing left inside. It was early in the morning.",full,"After lunch, Nora emptied a box completely. At that moment, the box seemed to open. There was nothing left inside. It was early in the morning.","After lunch, Nora emptied a box completely. At that moment, the box seemed full. There was nothing left inside. It was early in the morning.",,
test-00243-clean,"After lunch, Nora emptied a box completely. At that moment, the box seemed empty. There was nothing left inside. It was early in the morning.",empty,"After lunch, Nora emptied a box completely. At that moment, the box seemed empty. There was nothing left inside. It was early in the morning.","After lunch, Nora emptied a box completely. At that moment, the box seemed to open. There was nothing left inside. It was early in the morning.",,
test-00244-error,"Sam, a girl, went out. He found a little ball. The sun was shining.",He,"Sam, a girl, went out. He found a little ball. The sun was shining.","Sam, a girl, went out. She found a little ball. The sun was shining.",,
test-00244-clean,"Sam, a girl, went out. She found a little ball. The sun was shining.",She,"Sam, a girl, went out. She found a little ball. The sun was shining.","Sam, a girl, went out. She found a little ball. The sun was shining.",,
test-00245-error,"Last night, Leo play before going home. A little bird sang nearby.",play,"Last night, Leo had before going home. A little bird sang nearby.","Last night, Leo play before going home. A little bird sang nearby.",,
test-00245-clean,"Last night, Leo played before going home. A little bird sang nearby.",played,"Last night, Leo played before going home. A little bird sang nearby.","Last night, Leo had before going home. A little bird sang nearby.",,
test-00246-error,"Ana chose the red hat. Later, Ana carried the black hat. Its color had not changed. The sun was shining.",black,"Ana chose the red hat. Later, Ana carried the red hat. Its color had not changed. The sun was shining.","Ana chose the red hat. Later, Ana carried the black hat. Its color had not changed. The sun was shining.",,
test-00246-clean,"Ana chose the red hat. Later, Ana carried the red hat. Its color had not changed. The sun was shining.",red,"Ana chose the red hat. Later, Ana carried the red hat. Its color had not changed. The sun was shining.","Ana chose the red hat. Later, Ana carried the red hat. Its color had not changed. The sun was shining.",,
test-00247-error,Jack placed a shoe beside the bench. That shoe remained behind the bench. Nobody had moved it. The sun was shining.,behind,Jack placed a shoe beside the bench. That shoe remained on the bench. Nobody had moved it. The sun was shining.,Jack placed a shoe beside the bench. That shoe remained behind the bench. Nobody had moved it. The sun was shining.,,
test-00247-clean,Jack placed a shoe beside the bench. That shoe remained beside the bench. Nobody had moved it. The sun was shining.,beside,Jack placed a shoe beside the bench. That shoe remained on the bench. Nobody had moved it. The sun was shining.,Jack placed a shoe beside the bench. That shoe remained beside the bench. Nobody had moved it. The sun was shining.,,
test-00248-error,"One day, Max had not eaten all day. At that moment, Max seemed full. The empty stomach growled. It was a quiet day.",full,"One day, Max had not eaten all day. At that moment, Max seemed very sad. The empty stomach growled. It was a quiet day.","One day, Max had not eaten all day. At that moment, Max seemed full. The empty stomach growled. It was a quiet day.",,
test-00248-clean,"One day, Max had not eaten all day. At that moment, Max seemed hungry. The empty stomach growled. It was a quiet day.",hungry,"One day, Max had not eaten all day. At that moment, Max seemed very sad. The empty stomach growled. It was a quiet day.","One day, Max had not eaten all day. At that moment, Max seemed hungry. The empty stomach growled. It was a quiet day.",,
test-00249-error,"After lunch, Tom sat by a warm fire. At that moment, Tom seemed cold. The fire gave off plenty of heat.",cold,"After lunch, Tom sat by a warm fire. At that moment, Tom seemed cold. The fire gave off plenty of heat.","After lunch, Tom sat by a warm fire. At that moment, Tom seemed very happy. The fire gave off plenty of heat.",,
test-00249-clean,"After lunch, Tom sat by a warm fire. At that moment, Tom seemed warm. The fire gave off plenty of heat.",warm,"After lunch, Tom sat by a warm fire. At that moment, Tom seemed very happy. The fire gave off plenty of heat.","After lunch, Tom sat by a warm fire. At that moment, Tom seemed warm. The fire gave off plenty of heat.",,
test-00250-error,A girl named Finn came by. He found a little ball. The sun was shining.,He,A girl named Finn came by. He found a little ball. The sun was shining.,A girl named Finn came by. She had found a little ball. The sun was shining.,,
test-00250-clean,A girl named Finn came by. She found a little ball. The sun was shining.,She,A girl named Finn came by. She had found a little ball. The sun was shining.,A girl named Finn came by. She found a little ball. The sun was shining.,,
test-00251-error,Nora found a orange for a friend. The sun was shining.,a,Nora found a orange for a friend. The sun was shining.,Nora found a orange for a friend. The sun was shining.,,
test-00251-clean,Nora found an orange for a friend. The sun was shining.,an,Nora found an orange for a friend. The sun was shining.,Nora found an orange for a friend. The sun was shining.,,
test-00252-error,"Mia chose the purple ball. Later, Mia carried the green ball. Its color had not changed. A little bird sang nearby.",green,"Mia chose the purple ball. Later, Mia carried the purple ball. Its color had not changed. A little bird sang nearby.","Mia chose the purple ball. Later, Mia carried the green ball. Its color had not changed. A little bird sang nearby.",,
test-00252-clean,"Mia chose the purple ball. Later, Mia carried the purple ball. Its color had not changed. A little bird sang nearby.",purple,"Mia chose the purple ball. Later, Mia carried the purple ball. Its color had not changed. A little bird sang nearby.","Mia chose the purple ball. Later, Mia carried the purple ball. Its color had not changed. A little bird sang nearby.",,
test-00253-error,The ball lay behind the bench. That ball remained beside the bench. Nobody had moved it.,beside,The ball lay behind the bench. That ball remained beside the bench. Nobody had moved it.,The ball lay behind the bench. That ball remained in the bench. Nobody had moved it.,,
test-00253-clean,The ball lay behind the bench. That ball remained behind the bench. Nobody had moved it.,behind,The ball lay behind the bench. That ball remained in the bench. Nobody had moved it.,The ball lay behind the bench. That ball remained behind the bench. Nobody had moved it.,,
test-00254-error,"One day, Sam heard a scary noise. At that moment, Sam seemed calm. Both hands shook with fear. A friend was waiting.",calm,"One day, Sam heard a scary noise. At that moment, Sam seemed very scared. Both hands shook with fear. A friend was waiting.","One day, Sam heard a scary noise. At that moment, Sam seemed calm. Both hands shook with fear. A friend was waiting.",,
test-00254-clean,"One day, Sam heard a scary noise. At that moment, Sam seemed scared. Both hands shook with fear. A friend was waiting.",scared,"One day, Sam heard a scary noise. At that moment, Sam seemed scared. Both hands shook with fear. A friend was waiting.","One day, Sam heard a scary noise. At that moment, Sam seemed very scared. Both hands shook with fear. A friend was waiting.",,
test-00255-error,"One day, Rose sat by a warm fire. At that moment, Rose seemed cold. The fire gave off plenty of heat. A friend was waiting.",cold,"One day, Rose sat by a warm fire. At that moment, Rose seemed cold. The fire gave off plenty of heat. A friend was waiting.","One day, Rose sat by a warm fire. At that moment, Rose seemed to smile. The fire gave off plenty of heat. A friend was waiting.",,
test-00255-clean,"One day, Rose sat by a warm fire. At that moment, Rose seemed warm. The fire gave off plenty of heat. A friend was waiting.",warm,"One day, Rose sat by a warm fire. At that moment, Rose seemed to smile. The fire gave off plenty of heat. A friend was waiting.","One day, Rose sat by a warm fire. At that moment, Rose seemed warm. The fire gave off plenty of heat. A friend was waiting.",,
test-00256-error,A girl named Nora came by. He found a little ball. A friend was waiting.,He,A girl named Nora came by. She had found a little ball. A friend was waiting.,A girl named Nora came by. He found a little ball. A friend was waiting.,,
test-00256-clean,A girl named Nora came by. She found a little ball. A friend was waiting.,She,A girl named Nora came by. She found a little ball. A friend was waiting.,A girl named Nora came by. She had found a little ball. A friend was waiting.,,
test-00257-error,All three boys was very tired. A little bird sang nearby.,was,All three boys were feeling very tired. A little bird sang nearby.,All three boys was very tired. A little bird sang nearby.,,
test-00257-clean,All three boys were very tired. A little bird sang nearby.,were,All three boys were very tired. A little bird sang nearby.,All three boys were feeling very tired. A little bird sang nearby.,,
test-00258-error,"Leo chose the white bag. Later, Leo carried the red bag. Its color had not changed. It was early in the morning.",red,"Leo chose the white bag. Later, Leo carried the red bag. Its color had not changed. It was early in the morning.","Leo chose the white bag. Later, Leo carried the white bag. Its color had not changed. It was early in the morning.",,
test-00258-clean,"Leo chose the white bag. Later, Leo carried the white bag. Its color had not changed. It was early in the morning.",white,"Leo chose the white bag. Later, Leo carried the white bag. Its color had not changed. It was early in the morning.","Leo chose the white bag. Later, Leo carried the white bag. Its color had not changed. It was early in the morning.",,
test-00259-error,Jack placed a toy near the desk. That toy remained behind the desk. Nobody had moved it.,behind,Jack placed a toy near the desk. That toy remained in the desk. Nobody had moved it.,Jack placed a toy near the desk. That toy remained behind the desk. Nobody had moved it.,,
test-00259-clean,Jack placed a toy near the desk. That toy remained near the desk. Nobody had moved it.,near,Jack placed a toy near the desk. That toy remained near the desk. Nobody had moved it.,Jack placed a toy near the desk. That toy remained in the desk. Nobody had moved it.,,
test-00260-error,"One day, Ana won a fun game. At that moment, Ana seemed sad. There was a big smile.",sad,"One day, Ana won a fun game. At that moment, Ana seemed sad. There was a big smile.","One day, Ana won a fun game. At that moment, Ana seemed very happy. There was a big smile.",,
test-00260-clean,"One day, Ana won a fun game. At that moment, Ana seemed happy. There was a big smile.",happy,"One day, Ana won a fun game. At that moment, Ana seemed very happy. There was a big smile.","One day, Ana won a fun game. At that moment, Ana seemed happy. There was a big smile.",,
test-00261-error,"After lunch, Alex emptied a box completely. At that moment, the box seemed full. There was nothing left inside. The sun was shining.",full,"After lunch, Alex emptied a box completely. At that moment, the box seemed full. There was nothing left inside. The sun was shining.","After lunch, Alex emptied a box completely. At that moment, the box seemed to empty. There was nothing left inside. The sun was shining.",,
test-00261-clean,"After lunch, Alex emptied a box completely. At that moment, the box seemed empty. There was nothing left inside. The sun was shining.",empty,"After lunch, Alex emptied a box completely. At that moment, the box seemed to empty. There was nothing left inside. The sun was shining.","After lunch, Alex emptied a box completely. At that moment, the box seemed empty. There was nothing left inside. The sun was shining.",,
test-00262-error,"Finn, a boy, went out. She found a little ball. A little bird sang nearby.",She,"Finn, a boy, went out. She found a little ball. A little bird sang nearby.","Finn, a boy, went out. He had found a little ball. A little bird sang nearby.",,
test-00262-clean,"Finn, a boy, went out. He found a little ball. A little bird sang nearby.",He,"Finn, a boy, went out. He had found a little ball. A little bird sang nearby.","Finn, a boy, went out. He found a little ball. A little bird sang nearby.",,
test-00263-error,All three birds was very tired. A friend was waiting.,was,All three birds was very tired. A friend was waiting.,All three birds were very tired. A friend was waiting.,,
test-00263-clean,All three birds were very tired. A friend was waiting.,were,All three birds were very tired. A friend was waiting.,All three birds were very tired. A friend was waiting.,,
test-00264-error,"Max chose the purple coat. Later, Max carried the black coat. Its color had not changed. It was a quiet day.",black,"Max chose the purple coat. Later, Max carried the white coat. Its color had not changed. It was a quiet day.","Max chose the purple coat. Later, Max carried the black coat. Its color had not changed. It was a quiet day.",,
test-00264-clean,"Max chose the purple coat. Later, Max carried the purple coat. Its color had not changed. It was a quiet day.",purple,"Max chose the purple coat. Later, Max carried the purple coat. Its color had not changed. It was a quiet day.","Max chose the purple coat. Later, Max carried the white coat. Its color had not changed. It was a quiet day.",,
test-00265-error,Zoe placed a toy near the bench. That toy remained beside the bench. Nobody had moved it. The sun was shining.,beside,Zoe placed a toy near the bench. That toy remained in the bench. Nobody had moved it. The sun was shining.,Zoe placed a toy near the bench. That toy remained beside the bench. Nobody had moved it. The sun was shining.,,
test-00265-clean,Zoe placed a toy near the bench. That toy remained near the bench. Nobody had moved it. The sun was shining.,near,Zoe placed a toy near the bench. That toy remained near the bench. Nobody had moved it. The sun was shining.,Zoe placed a toy near the bench. That toy remained in the bench. Nobody had moved it. The sun was shining.,,
test-00266-error,"One day, Finn played all day without resting. At that moment, Finn seemed awake. It was time to rest.",awake,"One day, Finn played all day without resting. At that moment, Finn seemed sad. It was time to rest.","One day, Finn played all day without resting. At that moment, Finn seemed awake. It was time to rest.",,
test-00266-clean,"One day, Finn played all day without resting. At that moment, Finn seemed tired. It was time to rest.",tired,"One day, Finn played all day without resting. At that moment, Finn seemed tired. It was time to rest.","One day, Finn played all day without resting. At that moment, Finn seemed tired. It was time to rest.",,
test-00267-error,"One day, Jack got caught in the rain. At that moment, Jack seemed dry. Water dripped from the coat. It was early in the morning.",dry,"One day, Jack got caught in the rain. At that moment, Jack seemed happy. Water dripped from the coat. It was early in the morning.","One day, Jack got caught in the rain. At that moment, Jack seemed dry. Water dripped from the coat. It was early in the morning.",,
test-00267-clean,"One day, Jack got caught in the rain. At that moment, Jack seemed wet. Water dripped from the coat. It was early in the morning.",wet,"One day, Jack got caught in the rain. At that moment, Jack seemed wet. Water dripped from the coat. It was early in the morning.","One day, Jack got caught in the rain. At that moment, Jack seemed happy. Water dripped from the coat. It was early in the morning.",,
test-00268-error,"Lucy, a boy, went out. She found a little ball. It was early in the morning.",She,"Lucy, a boy, went out. She found a little ball. It was early in the morning.","Lucy, a boy, went out. She found a little ball. It was early in the morning.",,
test-00268-clean,"Lucy, a boy, went out. He found a little ball. It was early in the morning.",He,"Lucy, a boy, went out. He found a little ball. It was early in the morning.","Lucy, a boy, went out. She found a little ball. It was early in the morning.",,
test-00269-error,"Last week, Alex see before going home. A friend was waiting.",see,"Last week, Alex see before going home. A friend was waiting.","Last week, Alex was before going home. A friend was waiting.",,
test-00269-clean,"Last week, Alex saw before going home. A friend was waiting.",saw,"Last week, Alex saw before going home. A friend was waiting.","Last week, Alex was before going home. A friend was waiting.",,
test-00270-error,"The cup was painted black. Later, Leo carried the white cup. Its color had not changed. It was a quiet day.",white,"The cup was painted black. Later, Leo carried the blue cup. Its color had not changed. It was a quiet day.","The cup was painted black. Later, Leo carried the white cup. Its color had not changed. It was a quiet day.",,
test-00270-clean,"The cup was painted black. Later, Leo carried the black cup. Its color had not changed. It was a quiet day.",black,"The cup was painted black. Later, Leo carried the blue cup. Its color had not changed. It was a quiet day.","The cup was painted black. Later, Leo carried the black cup. Its color had not changed. It was a quiet day.",,
test-00271-error,Finn placed a ball under the bed. That ball remained behind the bed. Nobody had moved it. A friend was waiting.,behind,Finn placed a ball under the bed. That ball remained in the bed. Nobody had moved it. A friend was waiting.,Finn placed a ball under the bed. That ball remained behind the bed. Nobody had moved it. A friend was waiting.,,
test-00271-clean,Finn placed a ball under the bed. That ball remained under the bed. Nobody had moved it. A friend was waiting.,under,Finn placed a ball under the bed. That ball remained in the bed. Nobody had moved it. A friend was waiting.,Finn placed a ball under the bed. That ball remained under the bed. Nobody had moved it. A friend was waiting.,,
test-00272-error,"One day, Ella played all day without resting. At that moment, Ella seemed awake. It was time to rest.",awake,"One day, Ella played all day without resting. At that moment, Ella seemed awake. It was time to rest.","One day, Ella played all day without resting. At that moment, Ella seemed happy. It was time to rest.",,
test-00272-clean,"One day, Ella played all day without resting. At that moment, Ella seemed tired. It was time to rest.",tired,"One day, Ella played all day without resting. At that moment, Ella seemed tired. It was time to rest.","One day, Ella played all day without resting. At that moment, Ella seemed tired. It was time to rest.",,
test-00273-error,"After lunch, Ana sat by a warm fire. At that moment, Ana seemed cold. The fire gave off plenty of heat. A friend was waiting.",cold,"After lunch, Ana sat by a warm fire. At that moment, Ana seemed cold. The fire gave off plenty of heat. A friend was waiting.","After lunch, Ana sat by a warm fire. At that moment, Ana seemed very happy. The fire gave off plenty of heat. A friend was waiting.",,
test-00273-clean,"After lunch, Ana sat by a warm fire. At that moment, Ana seemed warm. The fire gave off plenty of heat. A friend was waiting.",warm,"After lunch, Ana sat by a warm fire. At that moment, Ana seemed very happy. The fire gave off plenty of heat. A friend was waiting.","After lunch, Ana sat by a warm fire. At that moment, Ana seemed warm. The fire gave off plenty of heat. A friend was waiting.",,
test-00274-error,"Nora, a girl, went out. He found a little ball.",He,"Nora, a girl, went out. He found a little ball.","Nora, a girl, went out. She found a little ball.",,
test-00274-clean,"Nora, a girl, went out. She found a little ball.",She,"Nora, a girl, went out. She found a little ball.","Nora, a girl, went out. She found a little ball.",,
test-00275-error,"Last week, Ben run before going home.",run,"Last week, Ben run before going home.","Last week, Ben hoped before going home.",,
test-00275-clean,"Last week, Ben ran before going home.",ran,"Last week, Ben hoped before going home.","Last week, Ben ran before going home.",,
test-00276-error,"Max chose the yellow hat. Later, Max carried the pink hat. Its color had not changed. The sun was shining.",pink,"Max chose the yellow hat. Later, Max carried the pink hat. Its color had not changed. The sun was shining.","Max chose the yellow hat. Later, Max carried the yellow hat. Its color had not changed. The sun was shining.",,
test-00276-clean,"Max chose the yellow hat. Later, Max carried the yellow hat. Its color had not changed. The sun was shining.",yellow,"Max chose the yellow hat. Later, Max carried the yellow hat. Its color had not changed. The sun was shining.","Max chose the yellow hat. Later, Max carried the yellow hat. Its color had not changed. The sun was shining.",,
test-00277-error,Ella placed a box under the table. That box remained behind the table. Nobody had moved it.,behind,Ella placed a box under the table. That box remained on the table. Nobody had moved it.,Ella placed a box under the table. That box remained behind the table. Nobody had moved it.,,
test-00277-clean,Ella placed a box under the table. That box remained under the table. Nobody had moved it.,under,Ella placed a box under the table. That box remained under the table. Nobody had moved it.,Ella placed a box under the table. That box remained on the table. Nobody had moved it.,,
test-00278-error,"One day, Lucy played all day without resting. At that moment, Lucy seemed awake. It was time to rest. A friend was waiting.",awake,"One day, Lucy played all day without resting. At that moment, Lucy seemed awake. It was time to rest. A friend was waiting.","One day, Lucy played all day without resting. At that moment, Lucy seemed very tired. It was time to rest. A friend was waiting.",,
test-00278-clean,"One day, Lucy played all day without resting. At that moment, Lucy seemed tired. It was time to rest. A friend was waiting.",tired,"One day, Lucy played all day without resting. At that moment, Lucy seemed very tired. It was time to rest. A friend was waiting.","One day, Lucy played all day without resting. At that moment, Lucy seemed tired. It was time to rest. A friend was waiting.",,
test-00279-error,"After lunch, Tom emptied a box completely. At that moment, the box seemed full. There was nothing left inside. The sun was shining.",full,"After lunch, Tom emptied a box completely. At that moment, the box seemed full. There was nothing left inside. The sun was shining.","After lunch, Tom emptied a box completely. At that moment, the box seemed to still. There was nothing left inside. The sun was shining.",,
test-00279-clean,"After lunch, Tom emptied a box completely. At that moment, the box seemed empty. There was nothing left inside. The sun was shining.",empty,"After lunch, Tom emptied a box completely. At that moment, the box seemed empty. There was nothing left inside. The sun was shining.","After lunch, Tom emptied a box completely. At that moment, the box seemed empty. There was nothing left inside. The sun was shining.",,
test-00280-error,"Jack, a boy, went out. She found a little ball. It was a quiet day.",She,"Jack, a boy, went out. She found a little ball. It was a quiet day.","Jack, a boy, went out. He found a little ball. It was a quiet day.",,
test-00280-clean,"Jack, a boy, went out. He found a little ball. It was a quiet day.",He,"Jack, a boy, went out. He found a little ball. It was a quiet day.","Jack, a boy, went out. He found a little ball. It was a quiet day.",,
test-00281-error,"Last week, Finn see before going home. The sun was shining.",see,"Last week, Finn and before going home. The sun was shining.","Last week, Finn see before going home. The sun was shining.",,
test-00281-clean,"Last week, Finn saw before going home. The sun was shining.",saw,"Last week, Finn and before going home. The sun was shining.","Last week, Finn saw before going home. The sun was shining.",,
test-00282-error,"Zoe chose the blue shirt. Later, Zoe carried the black shirt. Its color had not changed. A little bird sang nearby.",black,"Zoe chose the blue shirt. Later, Zoe carried the blue shirt. Its color had not changed. A little bird sang nearby.","Zoe chose the blue shirt. Later, Zoe carried the black shirt. Its color had not changed. A little bird sang nearby.",,
test-00282-clean,"Zoe chose the blue shirt. Later, Zoe carried the blue shirt. Its color had not changed. A little bird sang nearby.",blue,"Zoe chose the blue shirt. Later, Zoe carried the blue shirt. Its color had not changed. A little bird sang nearby.","Zoe chose the blue shirt. Later, Zoe carried the blue shirt. Its color had not changed. A little bird sang nearby.",,
test-00283-error,The toy lay behind the chair. That toy remained beside the chair. Nobody had moved it. The sun was shining.,beside,The toy lay behind the chair. That toy remained beside the chair. Nobody had moved it. The sun was shining.,The toy lay behind the chair. That toy remained in the chair. Nobody had moved it. The sun was shining.,,
test-00283-clean,The toy lay behind the chair. That toy remained behind the chair. Nobody had moved it. The sun was shining.,behind,The toy lay behind the chair. That toy remained behind the chair. Nobody had moved it. The sun was shining.,The toy lay behind the chair. That toy remained in the chair. Nobody had moved it. The sun was shining.,,
test-00284-error,"One day, Leo played all day without resting. At that moment, Leo seemed awake. It was time to rest. It was a quiet day.",awake,"One day, Leo played all day without resting. At that moment, Leo seemed very sad. It was time to rest. It was a quiet day.","One day, Leo played all day without resting. At that moment, Leo seemed awake. It was time to rest. It was a quiet day.",,
test-00284-clean,"One day, Leo played all day without resting. At that moment, Leo seemed tired. It was time to rest. It was a quiet day.",tired,"One day, Leo played all day without resting. At that moment, Leo seemed tired. It was time to rest. It was a quiet day.","One day, Leo played all day without resting. At that moment, Leo seemed tired. It was time to rest. It was a quiet day.",,
test-00285-error,"One day, Lucy got caught in the rain. At that moment, Lucy seemed dry. Water dripped from the coat. It was early in the morning.",dry,"One day, Lucy got caught in the rain. At that moment, Lucy seemed dry. Water dripped from the coat. It was early in the morning.","One day, Lucy got caught in the rain. At that moment, Lucy seemed dry. Water dripped from the coat. It was early in the morning.",,
test-00285-clean,"One day, Lucy got caught in the rain. At that moment, Lucy seemed wet. Water dripped from the coat. It was early in the morning.",wet,"One day, Lucy got caught in the rain. At that moment, Lucy seemed wet. Water dripped from the coat. It was early in the morning.","One day, Lucy got caught in the rain. At that moment, Lucy seemed wet. Water dripped from the coat. It was early in the morning.",,
test-00286-error,A boy named Zoe came by. She found a little ball. It was early in the morning.,She,A boy named Zoe came by. He had found a little ball. It was early in the morning.,A boy named Zoe came by. She found a little ball. It was early in the morning.,,
test-00286-clean,A boy named Zoe came by. He found a little ball. It was early in the morning.,He,A boy named Zoe came by. He had found a little ball. It was early in the morning.,A boy named Zoe came by. He found a little ball. It was early in the morning.,,
test-00287-error,Max found a elephant for a friend. The sun was shining.,a,Max found a elephant for a friend. The sun was shining.,Max found a warm elephant for a friend. The sun was shining.,,
test-00287-clean,Max found an elephant for a friend. The sun was shining.,an,Max found an elephant for a friend. The sun was shining.,Max found an elephant for a friend. The sun was shining.,,
test-00288-error,"Alex chose the pink coat. Later, Alex carried the yellow coat. Its color had not changed. The sun was shining.",yellow,"Alex chose the pink coat. Later, Alex carried the pink coat. Its color had not changed. The sun was shining.","Alex chose the pink coat. Later, Alex carried the yellow coat. Its color had not changed. The sun was shining.",,
test-00288-clean,"Alex chose the pink coat. Later, Alex carried the pink coat. Its color had not changed. The sun was shining.",pink,"Alex chose the pink coat. Later, Alex carried the pink coat. Its color had not changed. The sun was shining.","Alex chose the pink coat. Later, Alex carried the pink coat. Its color had not changed. The sun was shining.",,
test-00289-error,Nora placed a shoe under the tree. That shoe remained above the tree. Nobody had moved it. A friend was waiting.,above,Nora placed a shoe under the tree. That shoe remained in the tree. Nobody had moved it. A friend was waiting.,Nora placed a shoe under the tree. That shoe remained above the tree. Nobody had moved it. A friend was waiting.,,
test-00289-clean,Nora placed a shoe under the tree. That shoe remained under the tree. Nobody had moved it. A friend was waiting.,under,Nora placed a shoe under the tree. That shoe remained in the tree. Nobody had moved it. A friend was waiting.,Nora placed a shoe under the tree. That shoe remained under the tree. Nobody had moved it. A friend was waiting.,,
test-00290-error,"One day, Ella heard a scary noise. At that moment, Ella seemed calm. Both hands shook with fear. It was early in the morning.",calm,"One day, Ella heard a scary noise. At that moment, Ella seemed very scared. Both hands shook with fear. It was early in the morning.","One day, Ella heard a scary noise. At that moment, Ella seemed calm. Both hands shook with fear. It was early in the morning.",,
test-00290-clean,"One day, Ella heard a scary noise. At that moment, Ella seemed scared. Both hands shook with fear. It was early in the morning.",scared,"One day, Ella heard a scary noise. At that moment, Ella seemed very scared. Both hands shook with fear. It was early in the morning.","One day, Ella heard a scary noise. At that moment, Ella seemed scared. Both hands shook with fear. It was early in the morning.",,
test-00291-error,"One day, Zoe turned off the only lamp. At that moment, the room seemed bright. There was no light in the room. It was early in the morning.",bright,"One day, Zoe turned off the only lamp. At that moment, the room seemed bright. There was no light in the room. It was early in the morning.","One day, Zoe turned off the only lamp. At that moment, the room seemed very dark. There was no light in the room. It was early in the morning.",,
test-00291-clean,"One day, Zoe turned off the only lamp. At that moment, the room seemed dark. There was no light in the room. It was early in the morning.",dark,"One day, Zoe turned off the only lamp. At that moment, the room seemed dark. There was no light in the room. It was early in the morning.","One day, Zoe turned off the only lamp. At that moment, the room seemed very dark. There was no light in the room. It was early in the morning.",,
test-00292-error,Alex and two friends came by. She found a little ball. The sun was shining.,She,Alex and two friends came by. She found a little ball. The sun was shining.,Alex and two friends came by. They found a little ball. The sun was shining.,,
test-00292-clean,Alex and two friends came by. They found a little ball. The sun was shining.,They,Alex and two friends came by. They found a little ball. The sun was shining.,Alex and two friends came by. They found a little ball. The sun was shining.,,
test-00293-error,"Every afternoon, Ella play in the park.",play,"Every afternoon, Ella play in the park.","Every afternoon, Ella would play in the park.",,
test-00293-clean,"Every afternoon, Ella plays in the park.",plays,"Every afternoon, Ella plays in the park.","Every afternoon, Ella would play in the park.",,
test-00294-error,"The hat was painted black. Later, Jack carried the yellow hat. Its color had not changed. A friend was waiting.",yellow,"The hat was painted black. Later, Jack carried the yellow hat. Its color had not changed. A friend was waiting.","The hat was painted black. Later, Jack carried the same hat. Its color had not changed. A friend was waiting.",,
test-00294-clean,"The hat was painted black. Later, Jack carried the black hat. Its color had not changed. A friend was waiting.",black,"The hat was painted black. Later, Jack carried the black hat. Its color had not changed. A friend was waiting.","The hat was painted black. Later, Jack carried the same hat. Its color had not changed. A friend was waiting.",,
test-00295-error,The shoe lay near the bed. That shoe remained above the bed. Nobody had moved it. A friend was waiting.,above,The shoe lay near the bed. That shoe remained above the bed. Nobody had moved it. A friend was waiting.,The shoe lay near the bed. That shoe remained on the bed. Nobody had moved it. A friend was waiting.,,
test-00295-clean,The shoe lay near the bed. That shoe remained near the bed. Nobody had moved it. A friend was waiting.,near,The shoe lay near the bed. That shoe remained near the bed. Nobody had moved it. A friend was waiting.,The shoe lay near the bed. That shoe remained on the bed. Nobody had moved it. A friend was waiting.,,
test-00296-error,"After lunch, Sam had not eaten all day. At that moment, Sam seemed full. The empty stomach growled. It was early in the morning.",full,"After lunch, Sam had not eaten all day. At that moment, Sam seemed full. The empty stomach growled. It was early in the morning.","After lunch, Sam had not eaten all day. At that moment, Sam seemed sad. The empty stomach growled. It was early in the morning.",,
test-00296-clean,"After lunch, Sam had not eaten all day. At that moment, Sam seemed hungry. The empty stomach growled. It was early in the morning.",hungry,"After lunch, Sam had not eaten all day. At that moment, Sam seemed hungry. The empty stomach growled. It was early in the morning.","After lunch, Sam had not eaten all day. At that moment, Sam seemed sad. The empty stomach growled. It was early in the morning.",,
test-00297-error,"After lunch, Ben turned off the only lamp. At that moment, the room seemed bright. There was no light in the room. It was early in the morning.",bright,"After lunch, Ben turned off the only lamp. At that moment, the room seemed bright. There was no light in the room. It was early in the morning.","After lunch, Ben turned off the only lamp. At that moment, the room seemed dull. There was no light in the room. It was early in the morning.",,
test-00297-clean,"After lunch, Ben turned off the only lamp. At that moment, the room seemed dark. There was no light in the room. It was early in the morning.",dark,"After lunch, Ben turned off the only lamp. At that moment, the room seemed dark. There was no light in the room. It was early in the morning.","After lunch, Ben turned off the only lamp. At that moment, the room seemed dark. There was no light in the room. It was early in the morning.",,
test-00298-error,A boy named Jack came by. She found a little ball. It was a quiet day.,She,A boy named Jack came by. She found a little ball. It was a quiet day.,A boy named Jack came by. He had found a little ball. It was a quiet day.,,
test-00298-clean,A boy named Jack came by. He found a little ball. It was a quiet day.,He,A boy named Jack came by. He had found a little ball. It was a quiet day.,A boy named Jack came by. He found a little ball. It was a quiet day.,,
test-00299-error,Those puppies was very tired. The sun was shining.,was,Those puppies were very tired. The sun was shining.,Those puppies was very tired. The sun was shining.,,
test-00299-clean,Those puppies were very tired. The sun was shining.,were,Those puppies were very tired. The sun was shining.,Those puppies were very tired. The sun was shining.,,
