id,original,selected,suggestion_A,suggestion_B,winner_A_B_tie,reason
test-00000-error,"Mia chose the blue ball. Later, Mia carried the white ball. Its color had not changed. It was a quiet day.",white,"Mia chose the blue ball. Later, Mia carried the blue ball. Its color had not changed. It was a quiet day.","Mia chose the blue ball. Later, Mia carried the blue ball. Its color had not changed. It was a quiet day.",,
test-00000-clean,"Mia chose the blue ball. Later, Mia carried the blue ball. Its color had not changed. It was a quiet day.",blue,"Mia chose the blue ball. Later, Mia carried the blue ball. Its color had not changed. It was a quiet day.","Mia chose the blue ball. Later, Mia carried the blue ball. Its color had not changed. It was a quiet day.",,
test-00001-error,The toy lay under the bench. That toy remained above the bench. Nobody had moved it. It was early in the morning.,above,The toy lay under the bench. That toy remained on the bench. Nobody had moved it. It was early in the morning.,The toy lay under the bench. That toy remained above the bench. Nobody had moved it. It was early in the morning.,,
test-00001-clean,The toy lay under the bench. That toy remained under the bench. Nobody had moved it. It was early in the morning.,under,The toy lay under the bench. That toy remained under the bench. Nobody had moved it. It was early in the morning.,The toy lay under the bench. That toy remained on the bench. Nobody had moved it. It was early in the morning.,,
test-00002-error,"After lunch, Lucy had not eaten all day. At that moment, Lucy seemed full. The empty stomach growled.",full,"After lunch, Lucy had not eaten all day. At that moment, Lucy seemed hungry. The empty stomach growled.","After lunch, Lucy had not eaten all day. At that moment, Lucy seemed very sad. The empty stomach growled.",,
test-00002-clean,"After lunch, Lucy had not eaten all day. At that moment, Lucy seemed hungry. The empty stomach growled.",hungry,"After lunch, Lucy had not eaten all day. At that moment, Lucy seemed hungry. The empty stomach growled.","After lunch, Lucy had not eaten all day. At that moment, Lucy seemed very sad. The empty stomach growled.",,
test-00003-error,"One day, Lucy sat by a warm fire. At that moment, Lucy seemed cold. The fire gave off plenty of heat. A little bird sang nearby.",cold,"One day, Lucy sat by a warm fire. At that moment, Lucy seemed very happy. The fire gave off plenty of heat. A little bird sang nearby.","One day, Lucy sat by a warm fire. At that moment, Lucy seemed cold. The fire gave off plenty of heat. A little bird sang nearby.",,
test-00003-clean,"One day, Lucy sat by a warm fire. At that moment, Lucy seemed warm. The fire gave off plenty of heat. A little bird sang nearby.",warm,"One day, Lucy sat by a warm fire. At that moment, Lucy seemed warm. The fire gave off plenty of heat. A little bird sang nearby.","One day, Lucy sat by a warm fire. At that moment, Lucy seemed very happy. The fire gave off plenty of heat. A little bird sang nearby.",,
test-00004-error,A girl named Zoe came by. He found a little ball. It was early in the morning.,He,A girl named Zoe came by. She found a little ball. It was early in the morning.,A girl named Zoe came by. She had found a little ball. It was early in the morning.,,
test-00004-clean,A girl named Zoe came by. She found a little ball. It was early in the morning.,She,A girl named Zoe came by. She found a little ball. It was early in the morning.,A girl named Zoe came by. She had found a little ball. It was early in the morning.,,
test-00005-error,Those puppies was very tired. It was early in the morning.,was,Those puppies were very tired. It was early in the morning.,Those puppies were very tired. It was early in the morning.,,
test-00005-clean,Those puppies were very tired. It was early in the morning.,were,Those puppies were very tired. It was early in the morning.,Those puppies were very tired. It was early in the morning.,,
test-00006-error,"The coat was painted green. Later, Max carried the purple coat. Its color had not changed. A friend was waiting.",purple,"The coat was painted green. Later, Max carried the purple coat. Its color had not changed. A friend was waiting.","The coat was painted green. Later, Max carried the blue coat. Its color had not changed. A friend was waiting.",,
test-00006-clean,"The coat was painted green. Later, Max carried the green coat. Its color had not changed. A friend was waiting.",green,"The coat was painted green. Later, Max carried the green coat. Its color had not changed. A friend was waiting.","The coat was painted green. Later, Max carried the blue coat. Its color had not changed. A friend was waiting.",,
test-00007-error,Ella placed a bag under the bench. That bag remained beside the bench. Nobody had moved it. It was early in the morning.,beside,Ella placed a bag under the bench. That bag remained beside the bench. Nobody had moved it. It was early in the morning.,Ella placed a bag under the bench. That bag remained on the bench. Nobody had moved it. It was early in the morning.,,
test-00007-clean,Ella placed a bag under the bench. That bag remained under the bench. Nobody had moved it. It was early in the morning.,under,Ella placed a bag under the bench. That bag remained under the bench. Nobody had moved it. It was early in the morning.,Ella placed a bag under the bench. That bag remained on the bench. Nobody had moved it. It was early in the morning.,,
test-00008-error,"After lunch, Finn lost a favorite toy. At that moment, Finn seemed happy. Tears ran down the little face. It was a quiet day.",happy,"After lunch, Finn lost a favorite toy. At that moment, Finn seemed sad. Tears ran down the little face. It was a quiet day.","After lunch, Finn lost a favorite toy. At that moment, Finn seemed very sad. Tears ran down the little face. It was a quiet day.",,
test-00008-clean,"After lunch, Finn lost a favorite toy. At that moment, Finn seemed sad. Tears ran down the little face. It was a quiet day.",sad,"After lunch, Finn lost a favorite toy. At that moment, Finn seemed very sad. Tears ran down the little face. It was a quiet day.","After lunch, Finn lost a favorite toy. At that moment, Finn seemed sad. Tears ran down the little face. It was a quiet day.",,
test-00009-error,"One day, Mia got caught in the rain. At that moment, Mia seemed dry. Water dripped from the coat. It was early in the morning.",dry,"One day, Mia got caught in the rain. At that moment, Mia seemed sad. Water dripped from the coat. It was early in the morning.","One day, Mia got caught in the rain. At that moment, Mia seemed dry. Water dripped from the coat. It was early in the morning.",,
test-00009-clean,"One day, Mia got caught in the rain. At that moment, Mia seemed wet. Water dripped from the coat. It was early in the morning.",wet,"One day, Mia got caught in the rain. At that moment, Mia seemed wet. Water dripped from the coat. It was early in the morning.","One day, Mia got caught in the rain. At that moment, Mia seemed sad. Water dripped from the coat. It was early in the morning.",,
test-00010-error,A boy named Ben came by. She found a little ball. A little bird sang nearby.,She,A boy named Ben came by. He had found a little ball. A little bird sang nearby.,A boy named Ben came by. He found a little ball. A little bird sang nearby.,,
test-00010-clean,A boy named Ben came by. He found a little ball. A little bird sang nearby.,He,A boy named Ben came by. He had found a little ball. A little bird sang nearby.,A boy named Ben came by. He found a little ball. A little bird sang nearby.,,
test-00011-error,"Last night, Nora walk before going home. The sun was shining.",walk,"Last night, Nora walk before going home. The sun was shining.","Last night, Nora was before going home. The sun was shining.",,
test-00011-clean,"Last night, Nora walked before going home. The sun was shining.",walked,"Last night, Nora was before going home. The sun was shining.","Last night, Nora walked before going home. The sun was shining.",,
test-00012-error,"The box was painted white. Later, Leo carried the blue box. Its color had not changed. It was early in the morning.",blue,"The box was painted white. Later, Leo carried the white box. Its color had not changed. It was early in the morning.","The box was painted white. Later, Leo carried the box to box. Its color had not changed. It was early in the morning.",,
test-00012-clean,"The box was painted white. Later, Leo carried the white box. Its color had not changed. It was early in the morning.",white,"The box was painted white. Later, Leo carried the white box. Its color had not changed. It was early in the morning.","The box was painted white. Later, Leo carried the box to box. Its color had not changed. It was early in the morning.",,
test-00013-error,Ben placed a shoe near the tree. That shoe remained under the tree. Nobody had moved it. A friend was waiting.,under,Ben placed a shoe near the tree. That shoe remained under the tree. Nobody had moved it. A friend was waiting.,Ben placed a shoe near the tree. That shoe remained in the tree. Nobody had moved it. A friend was waiting.,,
test-00013-clean,Ben placed a shoe near the tree. That shoe remained near the tree. Nobody had moved it. A friend was waiting.,near,Ben placed a shoe near the tree. That shoe remained in the tree. Nobody had moved it. A friend was waiting.,Ben placed a shoe near the tree. That shoe remained near the tree. Nobody had moved it. A friend was waiting.,,
test-00014-error,"One day, Nora lost a favorite toy. At that moment, Nora seemed happy. Tears ran down the little face. A little bird sang nearby.",happy,"One day, Nora lost a favorite toy. At that moment, Nora seemed very. Tears ran down the little face. A little bird sang nearby.","One day, Nora lost a favorite toy. At that moment, Nora seemed very sad. Tears ran down the little face. A little bird sang nearby.",,
test-00014-clean,"One day, Nora lost a favorite toy. At that moment, Nora seemed sad. Tears ran down the little face. A little bird sang nearby.",sad,"One day, Nora lost a favorite toy. At that moment, Nora seemed very sad. Tears ran down the little face. A little bird sang nearby.","One day, Nora lost a favorite toy. At that moment, Nora seemed sad. Tears ran down the little face. A little bird sang nearby.",,
test-00015-error,"After lunch, Rose got caught in the rain. At that moment, Rose seemed dry. Water dripped from the coat. It was a quiet day.",dry,"After lunch, Rose got caught in the rain. At that moment, Rose seemed very wet. Water dripped from the coat. It was a quiet day.","After lunch, Rose got caught in the rain. At that moment, Rose seemed very wet. Water dripped from the coat. It was a quiet day.",,
test-00015-clean,"After lunch, Rose got caught in the rain. At that moment, Rose seemed wet. Water dripped from the coat. It was a quiet day.",wet,"After lunch, Rose got caught in the rain. At that moment, Rose seemed very wet. Water dripped from the coat. It was a quiet day.","After lunch, Rose got caught in the rain. At that moment, Rose seemed wet. Water dripped from the coat. It was a quiet day.",,
test-00016-error,A boy named Alex came by. She found a little ball. A friend was waiting.,She,A boy named Alex came by. He found a little ball. A friend was waiting.,A boy named Alex came by. He found a little ball. A friend was waiting.,,
test-00016-clean,A boy named Alex came by. He found a little ball. A friend was waiting.,He,A boy named Alex came by. He found a little ball. A friend was waiting.,A boy named Alex came by. He found a little ball. A friend was waiting.,,
test-00017-error,Lucy drew a elephant for a friend. A friend was waiting.,a,Lucy drew a elephant for a friend. A friend was waiting.,Lucy drew a elephant for a friend. A friend was waiting.,,
test-00017-clean,Lucy drew an elephant for a friend. A friend was waiting.,an,Lucy drew an elephant for a friend. A friend was waiting.,Lucy drew an elephant for a friend. A friend was waiting.,,
test-00018-error,"The box was painted green. Later, Finn carried the black box. Its color had not changed.",black,"The box was painted green. Later, Finn carried the box to box. Its color had not changed.","The box was painted green. Later, Finn carried the green box. Its color had not changed.",,
test-00018-clean,"The box was painted green. Later, Finn carried the green box. Its color had not changed.",green,"The box was painted green. Later, Finn carried the box to box. Its color had not changed.","The box was painted green. Later, Finn carried the green box. Its color had not changed.",,
test-00019-error,Lucy placed a bag under the bed. That bag remained beside the bed. Nobody had moved it. A friend was waiting.,beside,Lucy placed a bag under the bed. That bag remained under the bed. Nobody had moved it. A friend was waiting.,Lucy placed a bag under the bed. That bag remained on the bed. Nobody had moved it. A friend was waiting.,,
test-00019-clean,Lucy placed a bag under the bed. That bag remained under the bed. Nobody had moved it. A friend was waiting.,under,Lucy placed a bag under the bed. That bag remained on the bed. Nobody had moved it. A friend was waiting.,Lucy placed a bag under the bed. That bag remained under the bed. Nobody had moved it. A friend was waiting.,,
test-00020-error,"After lunch, Nora lost a favorite toy. At that moment, Nora seemed happy. Tears ran down the little face. A friend was waiting.",happy,"After lunch, Nora lost a favorite toy. At that moment, Nora seemed very sad. Tears ran down the little face. A friend was waiting.","After lunch, Nora lost a favorite toy. At that moment, Nora seemed very sad. Tears ran down the little face. A friend was waiting.",,
test-00020-clean,"After lunch, Nora lost a favorite toy. At that moment, Nora seemed sad. Tears ran down the little face. A friend was waiting.",sad,"After lunch, Nora lost a favorite toy. At that moment, Nora seemed sad. Tears ran down the little face. A friend was waiting.","After lunch, Nora lost a favorite toy. At that moment, Nora seemed very sad. Tears ran down the little face. A friend was waiting.",,
test-00021-error,"After lunch, Sam sat by a warm fire. At that moment, Sam seemed cold. The fire gave off plenty of heat. The sun was shining.",cold,"After lunch, Sam sat by a warm fire. At that moment, Sam seemed very happy. The fire gave off plenty of heat. The sun was shining.","After lunch, Sam sat by a warm fire. At that moment, Sam seemed cold. The fire gave off plenty of heat. The sun was shining.",,
test-00021-clean,"After lunch, Sam sat by a warm fire. At that moment, Sam seemed warm. The fire gave off plenty of heat. The sun was shining.",warm,"After lunch, Sam sat by a warm fire. At that moment, Sam seemed very happy. The fire gave off plenty of heat. The sun was shining.","After lunch, Sam sat by a warm fire. At that moment, Sam seemed warm. The fire gave off plenty of heat. The sun was shining.",,
test-00022-error,Max and two friends came by. She found a little ball. It was a quiet day.,She,Max and two friends came by. They found a little ball. It was a quiet day.,Max and two friends came by. They found a little ball. It was a quiet day.,,
test-00022-clean,Max and two friends came by. They found a little ball. It was a quiet day.,They,Max and two friends came by. They found a little ball. It was a quiet day.,Max and two friends came by. They found a little ball. It was a quiet day.,,
test-00023-error,"Last night, Ben play before going home. The sun was shining.",play,"Last night, Ben was ready before going home. The sun was shining.","Last night, Ben went before going home. The sun was shining.",,
test-00023-clean,"Last night, Ben played before going home. The sun was shining.",played,"Last night, Ben played before going home. The sun was shining.","Last night, Ben was ready before going home. The sun was shining.",,
test-00024-error,"The coat was painted purple. Later, Alex carried the blue coat. Its color had not changed. It was early in the morning.",blue,"The coat was painted purple. Later, Alex carried the blue coat. Its color had not changed. It was early in the morning.","The coat was painted purple. Later, Alex carried the blue coat. Its color had not changed. It was early in the morning.",,
test-00024-clean,"The coat was painted purple. Later, Alex carried the purple coat. Its color had not changed. It was early in the morning.",purple,"The coat was painted purple. Later, Alex carried the blue coat. Its color had not changed. It was early in the morning.","The coat was painted purple. Later, Alex carried the purple coat. Its color had not changed. It was early in the morning.",,
test-00025-error,The box lay near the table. That box remained behind the table. Nobody had moved it. A little bird sang nearby.,behind,The box lay near the table. That box remained behind the table. Nobody had moved it. A little bird sang nearby.,The box lay near the table. That box remained on the table. Nobody had moved it. A little bird sang nearby.,,
test-00025-clean,The box lay near the table. That box remained near the table. Nobody had moved it. A little bird sang nearby.,near,The box lay near the table. That box remained on the table. Nobody had moved it. A little bird sang nearby.,The box lay near the table. That box remained near the table. Nobody had moved it. A little bird sang nearby.,,
test-00026-error,"After lunch, Mia played all day without resting. At that moment, Mia seemed awake. It was time to rest.",awake,"After lunch, Mia played all day without resting. At that moment, Mia seemed awake. It was time to rest.","After lunch, Mia played all day without resting. At that moment, Mia seemed happy. It was time to rest.",,
test-00026-clean,"After lunch, Mia played all day without resting. At that moment, Mia seemed tired. It was time to rest.",tired,"After lunch, Mia played all day without resting. At that moment, Mia seemed tired. It was time to rest.","After lunch, Mia played all day without resting. At that moment, Mia seemed happy. It was time to rest.",,
test-00027-error,"After lunch, Leo filled a box to the top. At that moment, the box seemed empty. There was no room for anything else. It was a quiet day.",empty,"After lunch, Leo filled a box to the top. At that moment, the box seemed very quiet. There was no room for anything else. It was a quiet day.","After lunch, Leo filled a box to the top. At that moment, the box seemed just. There was no room for anything else. It was a quiet day.",,
test-00027-clean,"After lunch, Leo filled a box to the top. At that moment, the box seemed full. There was no room for anything else. It was a quiet day.",full,"After lunch, Leo filled a box to the top. At that moment, the box seemed very quiet. There was no room for anything else. It was a quiet day.","After lunch, Leo filled a box to the top. At that moment, the box seemed full. There was no room for anything else. It was a quiet day.",,
test-00028-error,Two children went out together. She found a little ball. A friend was waiting.,She,Two children went out together. They found a little ball. A friend was waiting.,Two children went out together. They found a little ball. A friend was waiting.,,
test-00028-clean,Two children went out together. They found a little ball. A friend was waiting.,They,Two children went out together. They found a little ball. A friend was waiting.,Two children went out together. They found a little ball. A friend was waiting.,,
test-00029-error,"Each day, Alex walk in the park. It was early in the morning.",walk,"Each day, Alex was playing in the park. It was early in the morning.","Each day, Alex walk in the park. It was early in the morning.",,
test-00029-clean,"Each day, Alex walks in the park. It was early in the morning.",walks,"Each day, Alex was playing in the park. It was early in the morning.","Each day, Alex walks in the park. It was early in the morning.",,
test-00030-error,"The cup was painted yellow. Later, Sam carried the purple cup. Its color had not changed. The sun was shining.",purple,"The cup was painted yellow. Later, Sam carried the blue cup. Its color had not changed. The sun was shining.","The cup was painted yellow. Later, Sam carried the yellow cup. Its color had not changed. The sun was shining.",,
test-00030-clean,"The cup was painted yellow. Later, Sam carried the yellow cup. Its color had not changed. The sun was shining.",yellow,"The cup was painted yellow. Later, Sam carried the yellow cup. Its color had not changed. The sun was shining.","The cup was painted yellow. Later, Sam carried the blue cup. Its color had not changed. The sun was shining.",,
test-00031-error,The toy lay under the desk. That toy remained behind the desk. Nobody had moved it. It was a quiet day.,behind,The toy lay under the desk. That toy remained behind the desk. Nobody had moved it. It was a quiet day.,The toy lay under the desk. That toy remained on the desk. Nobody had moved it. It was a quiet day.,,
test-00031-clean,The toy lay under the desk. That toy remained under the desk. Nobody had moved it. It was a quiet day.,under,The toy lay under the desk. That toy remained on the desk. Nobody had moved it. It was a quiet day.,The toy lay under the desk. That toy remained under the desk. Nobody had moved it. It was a quiet day.,,
test-00032-error,"One day, Rose won a fun game. At that moment, Rose seemed sad. There was a big smile. The sun was shining.",sad,"One day, Rose won a fun game. At that moment, Rose seemed happy. There was a big smile. The sun was shining.","One day, Rose won a fun game. At that moment, Rose seemed happy. There was a big smile. The sun was shining.",,
test-00032-clean,"One day, Rose won a fun game. At that moment, Rose seemed happy. There was a big smile. The sun was shining.",happy,"One day, Rose won a fun game. At that moment, Rose seemed happy. There was a big smile. The sun was shining.","One day, Rose won a fun game. At that moment, Rose seemed happy. There was a big smile. The sun was shining.",,
test-00033-error,"One day, Zoe sat by a warm fire. At that moment, Zoe seemed cold. The fire gave off plenty of heat. A little bird sang nearby.",cold,"One day, Zoe sat by a warm fire. At that moment, Zoe seemed very happy. The fire gave off plenty of heat. A little bird sang nearby.","One day, Zoe sat by a warm fire. At that moment, Zoe seemed cold. The fire gave off plenty of heat. A little bird sang nearby.",,
test-00033-clean,"One day, Zoe sat by a warm fire. At that moment, Zoe seemed warm. The fire gave off plenty of heat. A little bird sang nearby.",warm,"One day, Zoe sat by a warm fire. At that moment, Zoe seemed very happy. The fire gave off plenty of heat. A little bird sang nearby.","One day, Zoe sat by a warm fire. At that moment, Zoe seemed warm. The fire gave off plenty of heat. A little bird sang nearby.",,
test-00034-error,"Ben, a girl, went out. He found a little ball. A little bird sang nearby.",He,"Ben, a girl, went out. She found a little ball. A little bird sang nearby.","Ben, a girl, went out. She found a little ball. A little bird sang nearby.",,
test-00034-clean,"Ben, a girl, went out. She found a little ball. A little bird sang nearby.",She,"Ben, a girl, went out. She found a little ball. A little bird sang nearby.","Ben, a girl, went out. She found a little ball. A little bird sang nearby.",,
test-00035-error,"Each day, Jack run in the park. It was early in the morning.",run,"Each day, Jack was playing in the park. It was early in the morning.","Each day, Jack run in the park. It was early in the morning.",,
test-00035-clean,"Each day, Jack runs in the park. It was early in the morning.",runs,"Each day, Jack was playing in the park. It was early in the morning.","Each day, Jack runs in the park. It was early in the morning.",,
test-00036-error,"Leo chose the red bag. Later, Leo carried the white bag. Its color had not changed. A little bird sang nearby.",white,"Leo chose the red bag. Later, Leo carried the red bag. Its color had not changed. A little bird sang nearby.","Leo chose the red bag. Later, Leo carried the big red bag. Its color had not changed. A little bird sang nearby.",,
test-00036-clean,"Leo chose the red bag. Later, Leo carried the red bag. Its color had not changed. A little bird sang nearby.",red,"Leo chose the red bag. Later, Leo carried the red bag. Its color had not changed. A little bird sang nearby.","Leo chose the red bag. Later, Leo carried the big red bag. Its color had not changed. A little bird sang nearby.",,
test-00037-error,Lily placed a ball near the chair. That ball remained above the chair. Nobody had moved it. The sun was shining.,above,Lily placed a ball near the chair. That ball remained near the chair. Nobody had moved it. The sun was shining.,Lily placed a ball near the chair. That ball remained in the chair. Nobody had moved it. The sun was shining.,,
test-00037-clean,Lily placed a ball near the chair. That ball remained near the chair. Nobody had moved it. The sun was shining.,near,Lily placed a ball near the chair. That ball remained near the chair. Nobody had moved it. The sun was shining.,Lily placed a ball near the chair. That ball remained in the chair. Nobody had moved it. The sun was shining.,,
test-00038-error,"One day, Ella played all day without resting. At that moment, Ella seemed awake. It was time to rest. It was a quiet day.",awake,"One day, Ella played all day without resting. At that moment, Ella seemed very tired. It was time to rest. It was a quiet day.","One day, Ella played all day without resting. At that moment, Ella seemed very tired. It was time to rest. It was a quiet day.",,
test-00038-clean,"One day, Ella played all day without resting. At that moment, Ella seemed tired. It was time to rest. It was a quiet day.",tired,"One day, Ella played all day without resting. At that moment, Ella seemed very tired. It was time to rest. It was a quiet day.","One day, Ella played all day without resting. At that moment, Ella seemed tired. It was time to rest. It was a quiet day.",,
test-00039-error,"One day, Finn turned off the only lamp. At that moment, the room seemed bright. There was no light in the room. It was early in the morning.",bright,"One day, Finn turned off the only lamp. At that moment, the room seemed dark. There was no light in the room. It was early in the morning.","One day, Finn turned off the only lamp. At that moment, the room seemed dark. There was no light in the room. It was early in the morning.",,
test-00039-clean,"One day, Finn turned off the only lamp. At that moment, the room seemed dark. There was no light in the room. It was early in the morning.",dark,"One day, Finn turned off the only lamp. At that moment, the room seemed dark. There was no light in the room. It was early in the morning.","One day, Finn turned off the only lamp. At that moment, the room seemed dark. There was no light in the room. It was early in the morning.",,
test-00040-error,A boy named Finn came by. She found a little ball. The sun was shining.,She,A boy named Finn came by. He found a little ball. The sun was shining.,A boy named Finn came by. He found a little ball. The sun was shining.,,
test-00040-clean,A boy named Finn came by. He found a little ball. The sun was shining.,He,A boy named Finn came by. He found a little ball. The sun was shining.,A boy named Finn came by. He found a little ball. The sun was shining.,,
test-00041-error,Those cats was very tired.,was,Those cats were very tired.,Those cats were very tired.,,
test-00041-clean,Those cats were very tired.,were,Those cats were very tired.,Those cats were very tired.,,
test-00042-error,"Lucy chose the pink shirt. Later, Lucy carried the yellow shirt. Its color had not changed. A friend was waiting.",yellow,"Lucy chose the pink shirt. Later, Lucy carried the pink shirt. Its color had not changed. A friend was waiting.","Lucy chose the pink shirt. Later, Lucy carried the blue shirt. Its color had not changed. A friend was waiting.",,
test-00042-clean,"Lucy chose the pink shirt. Later, Lucy carried the pink shirt. Its color had not changed. A friend was waiting.",pink,"Lucy chose the pink shirt. Later, Lucy carried the blue shirt. Its color had not changed. A friend was waiting.","Lucy chose the pink shirt. Later, Lucy carried the pink shirt. Its color had not changed. A friend was waiting.",,
test-00043-error,Leo placed a ball under the desk. That ball remained above the desk. Nobody had moved it. The sun was shining.,above,Leo placed a ball under the desk. That ball remained above the desk. Nobody had moved it. The sun was shining.,Leo placed a ball under the desk. That ball remained in the desk. Nobody had moved it. The sun was shining.,,
test-00043-clean,Leo placed a ball under the desk. That ball remained under the desk. Nobody had moved it. The sun was shining.,under,Leo placed a ball under the desk. That ball remained under the desk. Nobody had moved it. The sun was shining.,Leo placed a ball under the desk. That ball remained in the desk. Nobody had moved it. The sun was shining.,,
test-00044-error,"After lunch, Zoe played all day without resting. At that moment, Zoe seemed awake. It was time to rest. It was early in the morning.",awake,"After lunch, Zoe played all day without resting. At that moment, Zoe seemed tired. It was time to rest. It was early in the morning.","After lunch, Zoe played all day without resting. At that moment, Zoe seemed happy. It was time to rest. It was early in the morning.",,
test-00044-clean,"After lunch, Zoe played all day without resting. At that moment, Zoe seemed tired. It was time to rest. It was early in the morning.",tired,"After lunch, Zoe played all day without resting. At that moment, Zoe seemed tired. It was time to rest. It was early in the morning.","After lunch, Zoe played all day without resting. At that moment, Zoe seemed happy. It was time to rest. It was early in the morning.",,
test-00045-error,"One day, Leo got caught in the rain. At that moment, Leo seemed dry. Water dripped from the coat. It was a quiet day.",dry,"One day, Leo got caught in the rain. At that moment, Leo seemed very wet. Water dripped from the coat. It was a quiet day.","One day, Leo got caught in the rain. At that moment, Leo seemed very wet. Water dripped from the coat. It was a quiet day.",,
test-00045-clean,"One day, Leo got caught in the rain. At that moment, Leo seemed wet. Water dripped from the coat. It was a quiet day.",wet,"One day, Leo got caught in the rain. At that moment, Leo seemed very wet. Water dripped from the coat. It was a quiet day.","One day, Leo got caught in the rain. At that moment, Leo seemed wet. Water dripped from the coat. It was a quiet day.",,
test-00046-error,"Sam, a boy, went out. She found a little ball.",She,"Sam, a boy, went out. He found a little ball.","Sam, a boy, went out. He found a little ball.",,
test-00046-clean,"Sam, a boy, went out. He found a little ball.",He,"Sam, a boy, went out. He found a little ball.","Sam, a boy, went out. He found a little ball.",,
test-00047-error,"Last night, Lucy play before going home. A little bird sang nearby.",play,"Last night, Lucy would before going home. A little bird sang nearby.","Last night, Lucy play before going home. A little bird sang nearby.",,
test-00047-clean,"Last night, Lucy played before going home. A little bird sang nearby.",played,"Last night, Lucy played before going home. A little bird sang nearby.","Last night, Lucy played before going home. A little bird sang nearby.",,
test-00048-error,"The shirt was painted pink. Later, Ella carried the black shirt. Its color had not changed. The sun was shining.",black,"The shirt was painted pink. Later, Ella carried the blue shirt. Its color had not changed. The sun was shining.","The shirt was painted pink. Later, Ella carried the black shirt. Its color had not changed. The sun was shining.",,
test-00048-clean,"The shirt was painted pink. Later, Ella carried the pink shirt. Its color had not changed. The sun was shining.",pink,"The shirt was painted pink. Later, Ella carried the blue shirt. Its color had not changed. The sun was shining.","The shirt was painted pink. Later, Ella carried the pink shirt. Its color had not changed. The sun was shining.",,
test-00049-error,Nora placed a shoe near the bench. That shoe remained under the bench. Nobody had moved it. A little bird sang nearby.,under,Nora placed a shoe near the bench. That shoe remained under the bench. Nobody had moved it. A little bird sang nearby.,Nora placed a shoe near the bench. That shoe remained on the bench. Nobody had moved it. A little bird sang nearby.,,
test-00049-clean,Nora placed a shoe near the bench. That shoe remained near the bench. Nobody had moved it. A little bird sang nearby.,near,Nora placed a shoe near the bench. That shoe remained on the bench. Nobody had moved it. A little bird sang nearby.,Nora placed a shoe near the bench. That shoe remained near the bench. Nobody had moved it. A little bird sang nearby.,,
test-00050-error,"After lunch, Ben heard a scary noise. At that moment, Ben seemed calm. Both hands shook with fear. A friend was waiting.",calm,"After lunch, Ben heard a scary noise. At that moment, Ben seemed very scared. Both hands shook with fear. A friend was waiting.","After lunch, Ben heard a scary noise. At that moment, Ben seemed very scared. Both hands shook with fear. A friend was waiting.",,
test-00050-clean,"After lunch, Ben heard a scary noise. At that moment, Ben seemed scared. Both hands shook with fear. A friend was waiting.",scared,"After lunch, Ben heard a scary noise. At that moment, Ben seemed scared. Both hands shook with fear. A friend was waiting.","After lunch, Ben heard a scary noise. At that moment, Ben seemed very scared. Both hands shook with fear. A friend was waiting.",,
test-00051-error,"One day, Ben sat by a warm fire. At that moment, Ben seemed cold. The fire gave off plenty of heat. It was early in the morning.",cold,"One day, Ben sat by a warm fire. At that moment, Ben seemed very happy. The fire gave off plenty of heat. It was early in the morning.","One day, Ben sat by a warm fire. At that moment, Ben seemed cold. The fire gave off plenty of heat. It was early in the morning.",,
test-00051-clean,"One day, Ben sat by a warm fire. At that moment, Ben seemed warm. The fire gave off plenty of heat. It was early in the morning.",warm,"One day, Ben sat by a warm fire. At that moment, Ben seemed warm. The fire gave off plenty of heat. It was early in the morning.","One day, Ben sat by a warm fire. At that moment, Ben seemed very happy. The fire gave off plenty of heat. It was early in the morning.",,
test-00052-error,"Nora, a boy, went out. She found a little ball. It was a quiet day.",She,"Nora, a boy, went out. He found a little ball. It was a quiet day.","Nora, a boy, went out. He found a little ball. It was a quiet day.",,
test-00052-clean,"Nora, a boy, went out. He found a little ball. It was a quiet day.",He,"Nora, a boy, went out. He found a little ball. It was a quiet day.","Nora, a boy, went out. He found a little ball. It was a quiet day.",,
test-00053-error,"Each day, Leo walk in the park. It was a quiet day.",walk,"Each day, Leo was playing in the park. It was a quiet day.","Each day, Leo ran in the park. It was a quiet day.",,
test-00053-clean,"Each day, Leo walks in the park. It was a quiet day.",walks,"Each day, Leo was playing in the park. It was a quiet day.","Each day, Leo walks in the park. It was a quiet day.",,
test-00054-error,"Tom chose the white bag. Later, Tom carried the blue bag. Its color had not changed. It was a quiet day.",blue,"Tom chose the white bag. Later, Tom carried the white bag. Its color had not changed. It was a quiet day.","Tom chose the white bag. Later, Tom carried the white bag. Its color had not changed. It was a quiet day.",,
test-00054-clean,"Tom chose the white bag. Later, Tom carried the white bag. Its color had not changed. It was a quiet day.",white,"Tom chose the white bag. Later, Tom carried the white bag. Its color had not changed. It was a quiet day.","Tom chose the white bag. Later, Tom carried the white bag. Its color had not changed. It was a quiet day.",,
test-00055-error,Alex placed a ball beside the tree. That ball remained behind the tree. Nobody had moved it. The sun was shining.,behind,Alex placed a ball beside the tree. That ball remained behind the tree. Nobody had moved it. The sun was shining.,Alex placed a ball beside the tree. That ball remained in the tree. Nobody had moved it. The sun was shining.,,
test-00055-clean,Alex placed a ball beside the tree. That ball remained beside the tree. Nobody had moved it. The sun was shining.,beside,Alex placed a ball beside the tree. That ball remained beside the tree. Nobody had moved it. The sun was shining.,Alex placed a ball beside the tree. That ball remained in the tree. Nobody had moved it. The sun was shining.,,
test-00056-error,"One day, Mia lost a favorite toy. At that moment, Mia seemed happy. Tears ran down the little face. A friend was waiting.",happy,"One day, Mia lost a favorite toy. At that moment, Mia seemed very sad. Tears ran down the little face. A friend was waiting.","One day, Mia lost a favorite toy. At that moment, Mia seemed sad. Tears ran down the little face. A friend was waiting.",,
test-00056-clean,"One day, Mia lost a favorite toy. At that moment, Mia seemed sad. Tears ran down the little face. A friend was waiting.",sad,"One day, Mia lost a favorite toy. At that moment, Mia seemed sad. Tears ran down the little face. A friend was waiting.","One day, Mia lost a favorite toy. At that moment, Mia seemed very sad. Tears ran down the little face. A friend was waiting.",,
test-00057-error,"One day, Leo sat by a warm fire. At that moment, Leo seemed cold. The fire gave off plenty of heat.",cold,"One day, Leo sat by a warm fire. At that moment, Leo seemed very happy. The fire gave off plenty of heat.","One day, Leo sat by a warm fire. At that moment, Leo seemed cold. The fire gave off plenty of heat.",,
test-00057-clean,"One day, Leo sat by a warm fire. At that moment, Leo seemed warm. The fire gave off plenty of heat.",warm,"One day, Leo sat by a warm fire. At that moment, Leo seemed very happy. The fire gave off plenty of heat.","One day, Leo sat by a warm fire. At that moment, Leo seemed warm. The fire gave off plenty of heat.",,
test-00058-error,A girl named Jack came by. He found a little ball. The sun was shining.,He,A girl named Jack came by. She had found a little ball. The sun was shining.,A girl named Jack came by. She found a little ball. The sun was shining.,,
test-00058-clean,A girl named Jack came by. She found a little ball. The sun was shining.,She,A girl named Jack came by. She found a little ball. The sun was shining.,A girl named Jack came by. She had found a little ball. The sun was shining.,,
test-00059-error,"Last night, Rose run before going home. The sun was shining.",run,"Last night, Rose run before going home. The sun was shining.","Last night, Rose was before going home. The sun was shining.",,
test-00059-clean,"Last night, Rose ran before going home. The sun was shining.",ran,"Last night, Rose was before going home. The sun was shining.","Last night, Rose ran before going home. The sun was shining.",,
test-00060-error,"Mia chose the white shirt. Later, Mia carried the blue shirt. Its color had not changed. It was early in the morning.",blue,"Mia chose the white shirt. Later, Mia carried the blue shirt. Its color had not changed. It was early in the morning.","Mia chose the white shirt. Later, Mia carried the white shirt. Its color had not changed. It was early in the morning.",,
test-00060-clean,"Mia chose the white shirt. Later, Mia carried the white shirt. Its color had not changed. It was early in the morning.",white,"Mia chose the white shirt. Later, Mia carried the blue shirt. Its color had not changed. It was early in the morning.","Mia chose the white shirt. Later, Mia carried the white shirt. Its color had not changed. It was early in the morning.",,
test-00061-error,Tom placed a toy beside the bed. That toy remained under the bed. Nobody had moved it. It was a quiet day.,under,Tom placed a toy beside the bed. That toy remained in the bed. Nobody had moved it. It was a quiet day.,Tom placed a toy beside the bed. That toy remained under the bed. Nobody had moved it. It was a quiet day.,,
test-00061-clean,Tom placed a toy beside the bed. That toy remained beside the bed. Nobody had moved it. It was a quiet day.,beside,Tom placed a toy beside the bed. That toy remained in the bed. Nobody had moved it. It was a quiet day.,Tom placed a toy beside the bed. That toy remained beside the bed. Nobody had moved it. It was a quiet day.,,
test-00062-error,"One day, Finn had not eaten all day. At that moment, Finn seemed full. The empty stomach growled. It was a quiet day.",full,"One day, Finn had not eaten all day. At that moment, Finn seemed lonely. The empty stomach growled. It was a quiet day.","One day, Finn had not eaten all day. At that moment, Finn seemed hungry. The empty stomach growled. It was a quiet day.",,
test-00062-clean,"One day, Finn had not eaten all day. At that moment, Finn seemed hungry. The empty stomach growled. It was a quiet day.",hungry,"One day, Finn had not eaten all day. At that moment, Finn seemed lonely. The empty stomach growled. It was a quiet day.","One day, Finn had not eaten all day. At that moment, Finn seemed hungry. The empty stomach growled. It was a quiet day.",,
test-00063-error,"One day, Tom turned off the only lamp. At that moment, the room seemed bright. There was no light in the room. It was a quiet day.",bright,"One day, Tom turned off the only lamp. At that moment, the room seemed different. There was no light in the room. It was a quiet day.","One day, Tom turned off the only lamp. At that moment, the room seemed bright. There was no light in the room. It was a quiet day.",,
test-00063-clean,"One day, Tom turned off the only lamp. At that moment, the room seemed dark. There was no light in the room. It was a quiet day.",dark,"One day, Tom turned off the only lamp. At that moment, the room seemed peaceful. There was no light in the room. It was a quiet day.","One day, Tom turned off the only lamp. At that moment, the room seemed dark. There was no light in the room. It was a quiet day.",,
test-00064-error,"Max, a boy, went out. She found a little ball. It was a quiet day.",She,"Max, a boy, went out. He found a little ball. It was a quiet day.","Max, a boy, went out. He found a little ball. It was a quiet day.",,
test-00064-clean,"Max, a boy, went out. He found a little ball. It was a quiet day.",He,"Max, a boy, went out. He found a little ball. It was a quiet day.","Max, a boy, went out. He found a little ball. It was a quiet day.",,
test-00065-error,Those children was very tired. The sun was shining.,was,Those children were very tired. The sun was shining.,Those children were very tired. The sun was shining.,,
test-00065-clean,Those children were very tired. The sun was shining.,were,Those children were very tired. The sun was shining.,Those children were very tired. The sun was shining.,,
test-00066-error,"Jack chose the white coat. Later, Jack carried the green coat. Its color had not changed. The sun was shining.",green,"Jack chose the white coat. Later, Jack carried the white coat. Its color had not changed. The sun was shining.","Jack chose the white coat. Later, Jack carried the white coat. Its color had not changed. The sun was shining.",,
test-00066-clean,"Jack chose the white coat. Later, Jack carried the white coat. Its color had not changed. The sun was shining.",white,"Jack chose the white coat. Later, Jack carried the white coat. Its color had not changed. The sun was shining.","Jack chose the white coat. Later, Jack carried the white coat. Its color had not changed. The sun was shining.",,
test-00067-error,The bag lay under the table. That bag remained above the table. Nobody had moved it. It was early in the morning.,above,The bag lay under the table. That bag remained above the table. Nobody had moved it. It was early in the morning.,The bag lay under the table. That bag remained on the table. Nobody had moved it. It was early in the morning.,,
test-00067-clean,The bag lay under the table. That bag remained under the table. Nobody had moved it. It was early in the morning.,under,The bag lay under the table. That bag remained on the table. Nobody had moved it. It was early in the morning.,The bag lay under the table. That bag remained under the table. Nobody had moved it. It was early in the morning.,,
test-00068-error,"One day, Tom heard a scary noise. At that moment, Tom seemed calm. Both hands shook with fear. It was a quiet day.",calm,"One day, Tom heard a scary noise. At that moment, Tom seemed very scared. Both hands shook with fear. It was a quiet day.","One day, Tom heard a scary noise. At that moment, Tom seemed very scared. Both hands shook with fear. It was a quiet day.",,
test-00068-clean,"One day, Tom heard a scary noise. At that moment, Tom seemed scared. Both hands shook with fear. It was a quiet day.",scared,"One day, Tom heard a scary noise. At that moment, Tom seemed scared. Both hands shook with fear. It was a quiet day.","One day, Tom heard a scary noise. At that moment, Tom seemed very scared. Both hands shook with fear. It was a quiet day.",,
test-00069-error,"One day, Zoe filled a box to the top. At that moment, the box seemed empty. There was no room for anything else. The sun was shining.",empty,"One day, Zoe filled a box to the top. At that moment, the box seemed empty. There was no room for anything else. The sun was shining.","One day, Zoe filled a box to the top. At that moment, the box seemed happy. There was no room for anything else. The sun was shining.",,
test-00069-clean,"One day, Zoe filled a box to the top. At that moment, the box seemed full. There was no room for anything else. The sun was shining.",full,"One day, Zoe filled a box to the top. At that moment, the box seemed full. There was no room for anything else. The sun was shining.","One day, Zoe filled a box to the top. At that moment, the box seemed happy. There was no room for anything else. The sun was shining.",,
test-00070-error,A girl named Mia came by. He found a little ball. It was early in the morning.,He,A girl named Mia came by. She found a little ball. It was early in the morning.,A girl named Mia came by. She found a little ball. It was early in the morning.,,
test-00070-clean,A girl named Mia came by. She found a little ball. It was early in the morning.,She,A girl named Mia came by. She found a little ball. It was early in the morning.,A girl named Mia came by. She found a little ball. It was early in the morning.,,
test-00071-error,All three dogs was very tired. The sun was shining.,was,All three dogs were very tired. The sun was shining.,All three dogs were very tired. The sun was shining.,,
test-00071-clean,All three dogs were very tired. The sun was shining.,were,All three dogs were very tired. The sun was shining.,All three dogs were very tired. The sun was shining.,,
test-00072-error,"Max chose the red cup. Later, Max carried the white cup. Its color had not changed. It was early in the morning.",white,"Max chose the red cup. Later, Max carried the red cup. Its color had not changed. It was early in the morning.","Max chose the red cup. Later, Max carried the blue cup. Its color had not changed. It was early in the morning.",,
test-00072-clean,"Max chose the red cup. Later, Max carried the red cup. Its color had not changed. It was early in the morning.",red,"Max chose the red cup. Later, Max carried the blue cup. Its color had not changed. It was early in the morning.","Max chose the red cup. Later, Max carried the red cup. Its color had not changed. It was early in the morning.",,
test-00073-error,The bag lay under the bench. That bag remained above the bench. Nobody had moved it. The sun was shining.,above,The bag lay under the bench. That bag remained under the bench. Nobody had moved it. The sun was shining.,The bag lay under the bench. That bag remained on the bench. Nobody had moved it. The sun was shining.,,
test-00073-clean,The bag lay under the bench. That bag remained under the bench. Nobody had moved it. The sun was shining.,under,The bag lay under the bench. That bag remained on the bench. Nobody had moved it. The sun was shining.,The bag lay under the bench. That bag remained under the bench. Nobody had moved it. The sun was shining.,,
test-00074-error,"One day, Zoe played all day without resting. At that moment, Zoe seemed awake. It was time to rest. A little bird sang nearby.",awake,"One day, Zoe played all day without resting. At that moment, Zoe seemed very. It was time to rest. A little bird sang nearby.","One day, Zoe played all day without resting. At that moment, Zoe seemed very tired. It was time to rest. A little bird sang nearby.",,
test-00074-clean,"One day, Zoe played all day without resting. At that moment, Zoe seemed tired. It was time to rest. A little bird sang nearby.",tired,"One day, Zoe played all day without resting. At that moment, Zoe seemed tired. It was time to rest. A little bird sang nearby.","One day, Zoe played all day without resting. At that moment, Zoe seemed very tired. It was time to rest. A little bird sang nearby.",,
test-00075-error,"After lunch, Leo sat by a warm fire. At that moment, Leo seemed cold. The fire gave off plenty of heat. It was a quiet day.",cold,"After lunch, Leo sat by a warm fire. At that moment, Leo seemed very happy. The fire gave off plenty of heat. It was a quiet day.","After lunch, Leo sat by a warm fire. At that moment, Leo seemed cold. The fire gave off plenty of heat. It was a quiet day.",,
test-00075-clean,"After lunch, Leo sat by a warm fire. At that moment, Leo seemed warm. The fire gave off plenty of heat. It was a quiet day.",warm,"After lunch, Leo sat by a warm fire. At that moment, Leo seemed very happy. The fire gave off plenty of heat. It was a quiet day.","After lunch, Leo sat by a warm fire. At that moment, Leo seemed warm. The fire gave off plenty of heat. It was a quiet day.",,
test-00076-error,Two children went out together. She found a little ball. A little bird sang nearby.,She,Two children went out together. They found a little ball. A little bird sang nearby.,Two children went out together. They found a little ball. A little bird sang nearby.,,
test-00076-clean,Two children went out together. They found a little ball. A little bird sang nearby.,They,Two children went out together. They found a little ball. A little bird sang nearby.,Two children went out together. They found a little ball. A little bird sang nearby.,,
test-00077-error,"Last week, Mia go before going home. The sun was shining.",go,"Last week, Mia knew before going home. The sun was shining.","Last week, Mia go before going home. The sun was shining.",,
test-00077-clean,"Last week, Mia went before going home. The sun was shining.",went,"Last week, Mia knew before going home. The sun was shining.","Last week, Mia went before going home. The sun was shining.",,
test-00078-error,"The box was painted green. Later, Alex carried the blue box. Its color had not changed. The sun was shining.",blue,"The box was painted green. Later, Alex carried the box to box. Its color had not changed. The sun was shining.","The box was painted green. Later, Alex carried the green box. Its color had not changed. The sun was shining.",,
test-00078-clean,"The box was painted green. Later, Alex carried the green box. Its color had not changed. The sun was shining.",green,"The box was painted green. Later, Alex carried the box to box. Its color had not changed. The sun was shining.","The box was painted green. Later, Alex carried the green box. Its color had not changed. The sun was shining.",,
test-00079-error,Tom placed a ball behind the table. That ball remained above the table. Nobody had moved it. The sun was shining.,above,Tom placed a ball behind the table. That ball remained on the table. Nobody had moved it. The sun was shining.,Tom placed a ball behind the table. That ball remained above the table. Nobody had moved it. The sun was shining.,,
test-00079-clean,Tom placed a ball behind the table. That ball remained behind the table. Nobody had moved it. The sun was shining.,behind,Tom placed a ball behind the table. That ball remained on the table. Nobody had moved it. The sun was shining.,Tom placed a ball behind the table. That ball remained behind the table. Nobody had moved it. The sun was shining.,,
test-00080-error,"One day, Finn had not eaten all day. At that moment, Finn seemed full. The empty stomach growled. A little bird sang nearby.",full,"One day, Finn had not eaten all day. At that moment, Finn seemed sad. The empty stomach growled. A little bird sang nearby.","One day, Finn had not eaten all day. At that moment, Finn seemed full. The empty stomach growled. A little bird sang nearby.",,
test-00080-clean,"One day, Finn had not eaten all day. At that moment, Finn seemed hungry. The empty stomach growled. A little bird sang nearby.",hungry,"One day, Finn had not eaten all day. At that moment, Finn seemed hungry. The empty stomach growled. A little bird sang nearby.","One day, Finn had not eaten all day. At that moment, Finn seemed sad. The empty stomach growled. A little bird sang nearby.",,
test-00081-error,"One day, Lily emptied a box completely. At that moment, the box seemed full. There was nothing left inside. A friend was waiting.",full,"One day, Lily emptied a box completely. At that moment, the box seemed full. There was nothing left inside. A friend was waiting.","One day, Lily emptied a box completely. At that moment, the box seemed mysterious. There was nothing left inside. A friend was waiting.",,
test-00081-clean,"One day, Lily emptied a box completely. At that moment, the box seemed empty. There was nothing left inside. A friend was waiting.",empty,"One day, Lily emptied a box completely. At that moment, the box seemed empty. There was nothing left inside. A friend was waiting.","One day, Lily emptied a box completely. At that moment, the box seemed empty. There was nothing left inside. A friend was waiting.",,
test-00082-error,"Rose, a girl, went out. He found a little ball. The sun was shining.",He,"Rose, a girl, went out. She found a little ball. The sun was shining.","Rose, a girl, went out. She found a little ball. The sun was shining.",,
test-00082-clean,"Rose, a girl, went out. She found a little ball. The sun was shining.",She,"Rose, a girl, went out. She found a little ball. The sun was shining.","Rose, a girl, went out. She found a little ball. The sun was shining.",,
test-00083-error,All three cats was very tired. It was a quiet day.,was,All three cats were very tired. It was a quiet day.,All three cats were very tired. It was a quiet day.,,
test-00083-clean,All three cats were very tired. It was a quiet day.,were,All three cats were very tired. It was a quiet day.,All three cats were very tired. It was a quiet day.,,
test-00084-error,"The bag was painted green. Later, Lucy carried the black bag. Its color had not changed. The sun was shining.",black,"The bag was painted green. Later, Lucy carried the blue bag. Its color had not changed. The sun was shining.","The bag was painted green. Later, Lucy carried the green bag. Its color had not changed. The sun was shining.",,
test-00084-clean,"The bag was painted green. Later, Lucy carried the green bag. Its color had not changed. The sun was shining.",green,"The bag was painted green. Later, Lucy carried the green bag. Its color had not changed. The sun was shining.","The bag was painted green. Later, Lucy carried the blue bag. Its color had not changed. The sun was shining.",,
test-00085-error,Sam placed a ball near the tree. That ball remained beside the tree. Nobody had moved it. It was a quiet day.,beside,Sam placed a ball near the tree. That ball remained in the tree. Nobody had moved it. It was a quiet day.,Sam placed a ball near the tree. That ball remained near the tree. Nobody had moved it. It was a quiet day.,,
test-00085-clean,Sam placed a ball near the tree. That ball remained near the tree. Nobody had moved it. It was a quiet day.,near,Sam placed a ball near the tree. That ball remained in the tree. Nobody had moved it. It was a quiet day.,Sam placed a ball near the tree. That ball remained near the tree. Nobody had moved it. It was a quiet day.,,
test-00086-error,"One day, Lily lost a favorite toy. At that moment, Lily seemed happy. Tears ran down the little face.",happy,"One day, Lily lost a favorite toy. At that moment, Lily seemed very sad. Tears ran down the little face.","One day, Lily lost a favorite toy. At that moment, Lily seemed very sad. Tears ran down the little face.",,
test-00086-clean,"One day, Lily lost a favorite toy. At that moment, Lily seemed sad. Tears ran down the little face.",sad,"One day, Lily lost a favorite toy. At that moment, Lily seemed sad. Tears ran down the little face.","One day, Lily lost a favorite toy. At that moment, Lily seemed very sad. Tears ran down the little face.",,
test-00087-error,"After lunch, Ben emptied a box completely. At that moment, the box seemed full. There was nothing left inside. A friend was waiting.",full,"After lunch, Ben emptied a box completely. At that moment, the box seemed to empty. There was nothing left inside. A friend was waiting.","After lunch, Ben emptied a box completely. At that moment, the box seemed full. There was nothing left inside. A friend was waiting.",,
test-00087-clean,"After lunch, Ben emptied a box completely. At that moment, the box seemed empty. There was nothing left inside. A friend was waiting.",empty,"After lunch, Ben emptied a box completely. At that moment, the box seemed empty. There was nothing left inside. A friend was waiting.","After lunch, Ben emptied a box completely. At that moment, the box seemed to empty. There was nothing left inside. A friend was waiting.",,
test-00088-error,A girl named Ben came by. He found a little ball.,He,A girl named Ben came by. He found a little ball.,A girl named Ben came by. He had found a little ball.,,
test-00088-clean,A girl named Ben came by. She found a little ball.,She,A girl named Ben came by. She found a little ball.,A girl named Ben came by. She found a little ball.,,
test-00089-error,"Last night, Tom run before going home. A friend was waiting.",run,"Last night, Tom had before going home. A friend was waiting.","Last night, Tom run before going home. A friend was waiting.",,
test-00089-clean,"Last night, Tom ran before going home. A friend was waiting.",ran,"Last night, Tom had before going home. A friend was waiting.","Last night, Tom ran before going home. A friend was waiting.",,
test-00090-error,"The bag was painted red. Later, Tom carried the blue bag. Its color had not changed. A friend was waiting.",blue,"The bag was painted red. Later, Tom carried the blue bag. Its color had not changed. A friend was waiting.","The bag was painted red. Later, Tom carried the red bag. Its color had not changed. A friend was waiting.",,
test-00090-clean,"The bag was painted red. Later, Tom carried the red bag. Its color had not changed. A friend was waiting.",red,"The bag was painted red. Later, Tom carried the blue bag. Its color had not changed. A friend was waiting.","The bag was painted red. Later, Tom carried the red bag. Its color had not changed. A friend was waiting.",,
test-00091-error,The shoe lay behind the table. That shoe remained above the table. Nobody had moved it. A little bird sang nearby.,above,The shoe lay behind the table. That shoe remained above the table. Nobody had moved it. A little bird sang nearby.,The shoe lay behind the table. That shoe remained on the table. Nobody had moved it. A little bird sang nearby.,,
test-00091-clean,The shoe lay behind the table. That shoe remained behind the table. Nobody had moved it. A little bird sang nearby.,behind,The shoe lay behind the table. That shoe remained behind the table. Nobody had moved it. A little bird sang nearby.,The shoe lay behind the table. That shoe remained on the table. Nobody had moved it. A little bird sang nearby.,,
test-00092-error,"One day, Lily played all day without resting. At that moment, Lily seemed awake. It was time to rest. The sun was shining.",awake,"One day, Lily played all day without resting. At that moment, Lily seemed happy. It was time to rest. The sun was shining.","One day, Lily played all day without resting. At that moment, Lily seemed very. It was time to rest. The sun was shining.",,
test-00092-clean,"One day, Lily played all day without resting. At that moment, Lily seemed tired. It was time to rest. The sun was shining.",tired,"One day, Lily played all day without resting. At that moment, Lily seemed tired. It was time to rest. The sun was shining.","One day, Lily played all day without resting. At that moment, Lily seemed tired. It was time to rest. The sun was shining.",,
test-00093-error,"One day, Mia sat by a warm fire. At that moment, Mia seemed cold. The fire gave off plenty of heat. A friend was waiting.",cold,"One day, Mia sat by a warm fire. At that moment, Mia seemed very happy. The fire gave off plenty of heat. A friend was waiting.","One day, Mia sat by a warm fire. At that moment, Mia seemed cold. The fire gave off plenty of heat. A friend was waiting.",,
test-00093-clean,"One day, Mia sat by a warm fire. At that moment, Mia seemed warm. The fire gave off plenty of heat. A friend was waiting.",warm,"One day, Mia sat by a warm fire. At that moment, Mia seemed warm. The fire gave off plenty of heat. A friend was waiting.","One day, Mia sat by a warm fire. At that moment, Mia seemed very happy. The fire gave off plenty of heat. A friend was waiting.",,
test-00094-error,A boy named Ella came by. She found a little ball. A little bird sang nearby.,She,A boy named Ella came by. He found a little ball. A little bird sang nearby.,A boy named Ella came by. She had found a little ball. A little bird sang nearby.,,
test-00094-clean,A boy named Ella came by. He found a little ball. A little bird sang nearby.,He,A boy named Ella came by. She had found a little ball. A little bird sang nearby.,A boy named Ella came by. He found a little ball. A little bird sang nearby.,,
test-00095-error,All three puppies was very tired. The sun was shining.,was,All three puppies were very tired. The sun was shining.,All three puppies were very tired. The sun was shining.,,
test-00095-clean,All three puppies were very tired. The sun was shining.,were,All three puppies were very tired. The sun was shining.,All three puppies were very tired. The sun was shining.,,
test-00096-error,"The shirt was painted blue. Later, Lucy carried the green shirt. Its color had not changed. The sun was shining.",green,"The shirt was painted blue. Later, Lucy carried the blue shirt. Its color had not changed. The sun was shining.","The shirt was painted blue. Later, Lucy carried the blue shirt. Its color had not changed. The sun was shining.",,
test-00096-clean,"The shirt was painted blue. Later, Lucy carried the blue shirt. Its color had not changed. The sun was shining.",blue,"The shirt was painted blue. Later, Lucy carried the blue shirt. Its color had not changed. The sun was shining.","The shirt was painted blue. Later, Lucy carried the blue shirt. Its color had not changed. The sun was shining.",,
test-00097-error,The toy lay near the chair. That toy remained behind the chair. Nobody had moved it. The sun was shining.,behind,The toy lay near the chair. That toy remained in the chair. Nobody had moved it. The sun was shining.,The toy lay near the chair. That toy remained behind the chair. Nobody had moved it. The sun was shining.,,
test-00097-clean,The toy lay near the chair. That toy remained near the chair. Nobody had moved it. The sun was shining.,near,The toy lay near the chair. That toy remained in the chair. Nobody had moved it. The sun was shining.,The toy lay near the chair. That toy remained near the chair. Nobody had moved it. The sun was shining.,,
test-00098-error,"One day, Mia heard a scary noise. At that moment, Mia seemed calm. Both hands shook with fear. A little bird sang nearby.",calm,"One day, Mia heard a scary noise. At that moment, Mia seemed very scared. Both hands shook with fear. A little bird sang nearby.","One day, Mia heard a scary noise. At that moment, Mia seemed very scared. Both hands shook with fear. A little bird sang nearby.",,
test-00098-clean,"One day, Mia heard a scary noise. At that moment, Mia seemed scared. Both hands shook with fear. A little bird sang nearby.",scared,"One day, Mia heard a scary noise. At that moment, Mia seemed scared. Both hands shook with fear. A little bird sang nearby.","One day, Mia heard a scary noise. At that moment, Mia seemed very scared. Both hands shook with fear. A little bird sang nearby.",,
test-00099-error,"After lunch, Ana emptied a box completely. At that moment, the box seemed full. There was nothing left inside.",full,"After lunch, Ana emptied a box completely. At that moment, the box seemed just. There was nothing left inside.","After lunch, Ana emptied a box completely. At that moment, the box seemed empty. There was nothing left inside.",,
test-00099-clean,"After lunch, Ana emptied a box completely. At that moment, the box seemed empty. There was nothing left inside.",empty,"After lunch, Ana emptied a box completely. At that moment, the box seemed empty. There was nothing left inside.","After lunch, Ana emptied a box completely. At that moment, the box seemed empty. There was nothing left inside.",,
test-00100-error,"Mia, a boy, went out. She found a little ball. It was a quiet day.",She,"Mia, a boy, went out. She found a little ball. It was a quiet day.","Mia, a boy, went out. He found a little ball. It was a quiet day.",,
test-00100-clean,"Mia, a boy, went out. He found a little ball. It was a quiet day.",He,"Mia, a boy, went out. He found a little ball. It was a quiet day.","Mia, a boy, went out. He found a little ball. It was a quiet day.",,
test-00101-error,"Each day, Tom eat in the park. It was a quiet day.",eat,"Each day, Tom eat in the park. It was a quiet day.","Each day, Tom played in the park. It was a quiet day.",,
test-00101-clean,"Each day, Tom eats in the park. It was a quiet day.",eats,"Each day, Tom eats in the park. It was a quiet day.","Each day, Tom played in the park. It was a quiet day.",,
test-00102-error,"The cup was painted red. Later, Ella carried the green cup. Its color had not changed. It was a quiet day.",green,"The cup was painted red. Later, Ella carried the red cup. Its color had not changed. It was a quiet day.","The cup was painted red. Later, Ella carried the blue cup. Its color had not changed. It was a quiet day.",,
test-00102-clean,"The cup was painted red. Later, Ella carried the red cup. Its color had not changed. It was a quiet day.",red,"The cup was painted red. Later, Ella carried the red cup. Its color had not changed. It was a quiet day.","The cup was painted red. Later, Ella carried the blue cup. Its color had not changed. It was a quiet day.",,
test-00103-error,Ella placed a box behind the chair. That box remained under the chair. Nobody had moved it. A friend was waiting.,under,Ella placed a box behind the chair. That box remained behind the chair. Nobody had moved it. A friend was waiting.,Ella placed a box behind the chair. That box remained on the chair. Nobody had moved it. A friend was waiting.,,
test-00103-clean,Ella placed a box behind the chair. That box remained behind the chair. Nobody had moved it. A friend was waiting.,behind,Ella placed a box behind the chair. That box remained behind the chair. Nobody had moved it. A friend was waiting.,Ella placed a box behind the chair. That box remained on the chair. Nobody had moved it. A friend was waiting.,,
test-00104-error,"After lunch, Lily won a fun game. At that moment, Lily seemed sad. There was a big smile. It was a quiet day.",sad,"After lunch, Lily won a fun game. At that moment, Lily seemed happy. There was a big smile. It was a quiet day.","After lunch, Lily won a fun game. At that moment, Lily seemed very happy. There was a big smile. It was a quiet day.",,
test-00104-clean,"After lunch, Lily won a fun game. At that moment, Lily seemed happy. There was a big smile. It was a quiet day.",happy,"After lunch, Lily won a fun game. At that moment, Lily seemed happy. There was a big smile. It was a quiet day.","After lunch, Lily won a fun game. At that moment, Lily seemed very happy. There was a big smile. It was a quiet day.",,
test-00105-error,"After lunch, Mia got caught in the rain. At that moment, Mia seemed dry. Water dripped from the coat. It was a quiet day.",dry,"After lunch, Mia got caught in the rain. At that moment, Mia seemed dry. Water dripped from the coat. It was a quiet day.","After lunch, Mia got caught in the rain. At that moment, Mia seemed happy. Water dripped from the coat. It was a quiet day.",,
test-00105-clean,"After lunch, Mia got caught in the rain. At that moment, Mia seemed wet. Water dripped from the coat. It was a quiet day.",wet,"After lunch, Mia got caught in the rain. At that moment, Mia seemed wet. Water dripped from the coat. It was a quiet day.","After lunch, Mia got caught in the rain. At that moment, Mia seemed happy. Water dripped from the coat. It was a quiet day.",,
test-00106-error,"Zoe, a boy, went out. She found a little ball. It was a quiet day.",She,"Zoe, a boy, went out. He found a little ball. It was a quiet day.","Zoe, a boy, went out. He found a little ball. It was a quiet day.",,
test-00106-clean,"Zoe, a boy, went out. He found a little ball. It was a quiet day.",He,"Zoe, a boy, went out. He found a little ball. It was a quiet day.","Zoe, a boy, went out. He found a little ball. It was a quiet day.",,
test-00107-error,Ella drew a umbrella for a friend.,a,Ella drew a umbrella for a friend.,Ella drew a beautiful umbrella for a friend.,,
test-00107-clean,Ella drew an umbrella for a friend.,an,Ella drew a beautiful umbrella for a friend.,Ella drew an umbrella for a friend.,,
test-00108-error,"The hat was painted green. Later, Leo carried the yellow hat. Its color had not changed. A little bird sang nearby.",yellow,"The hat was painted green. Later, Leo carried the yellow hat. Its color had not changed. A little bird sang nearby.","The hat was painted green. Later, Leo carried the blue hat. Its color had not changed. A little bird sang nearby.",,
test-00108-clean,"The hat was painted green. Later, Leo carried the green hat. Its color had not changed. A little bird sang nearby.",green,"The hat was painted green. Later, Leo carried the blue hat. Its color had not changed. A little bird sang nearby.","The hat was painted green. Later, Leo carried the green hat. Its color had not changed. A little bird sang nearby.",,
test-00109-error,Nora placed a shoe near the tree. That shoe remained behind the tree. Nobody had moved it. A little bird sang nearby.,behind,Nora placed a shoe near the tree. That shoe remained behind the tree. Nobody had moved it. A little bird sang nearby.,Nora placed a shoe near the tree. That shoe remained in the tree. Nobody had moved it. A little bird sang nearby.,,
test-00109-clean,Nora placed a shoe near the tree. That shoe remained near the tree. Nobody had moved it. A little bird sang nearby.,near,Nora placed a shoe near the tree. That shoe remained in the tree. Nobody had moved it. A little bird sang nearby.,Nora placed a shoe near the tree. That shoe remained near the tree. Nobody had moved it. A little bird sang nearby.,,
test-00110-error,"After lunch, Max heard a scary noise. At that moment, Max seemed calm. Both hands shook with fear. A little bird sang nearby.",calm,"After lunch, Max heard a scary noise. At that moment, Max seemed scared. Both hands shook with fear. A little bird sang nearby.","After lunch, Max heard a scary noise. At that moment, Max seemed scared. Both hands shook with fear. A little bird sang nearby.",,
test-00110-clean,"After lunch, Max heard a scary noise. At that moment, Max seemed scared. Both hands shook with fear. A little bird sang nearby.",scared,"After lunch, Max heard a scary noise. At that moment, Max seemed scared. Both hands shook with fear. A little bird sang nearby.","After lunch, Max heard a scary noise. At that moment, Max seemed scared. Both hands shook with fear. A little bird sang nearby.",,
test-00111-error,"One day, Lucy turned off the only lamp. At that moment, the room seemed bright. There was no light in the room. It was early in the morning.",bright,"One day, Lucy turned off the only lamp. At that moment, the room seemed different. There was no light in the room. It was early in the morning.","One day, Lucy turned off the only lamp. At that moment, the room seemed very. There was no light in the room. It was early in the morning.",,
test-00111-clean,"One day, Lucy turned off the only lamp. At that moment, the room seemed dark. There was no light in the room. It was early in the morning.",dark,"One day, Lucy turned off the only lamp. At that moment, the room seemed dark. There was no light in the room. It was early in the morning.","One day, Lucy turned off the only lamp. At that moment, the room seemed different. There was no light in the room. It was early in the morning.",,
test-00112-error,A girl named Tom came by. He found a little ball. The sun was shining.,He,A girl named Tom came by. She found a little ball. The sun was shining.,A girl named Tom came by. She found a little ball. The sun was shining.,,
test-00112-clean,A girl named Tom came by. She found a little ball. The sun was shining.,She,A girl named Tom came by. She found a little ball. The sun was shining.,A girl named Tom came by. She found a little ball. The sun was shining.,,
test-00113-error,Finn drew a egg for a friend. A friend was waiting.,a,Finn drew a egg for a friend. A friend was waiting.,Finn drew a egg for a friend. A friend was waiting.,,
test-00113-clean,Finn drew an egg for a friend. A friend was waiting.,an,Finn drew an egg for a friend. A friend was waiting.,Finn drew an egg for a friend. A friend was waiting.,,
test-00114-error,"Lily chose the white box. Later, Lily carried the green box. Its color had not changed. A little bird sang nearby.",green,"Lily chose the white box. Later, Lily carried the white box. Its color had not changed. A little bird sang nearby.","Lily chose the white box. Later, Lily carried the white box. Its color had not changed. A little bird sang nearby.",,
test-00114-clean,"Lily chose the white box. Later, Lily carried the white box. Its color had not changed. A little bird sang nearby.",white,"Lily chose the white box. Later, Lily carried the white box. Its color had not changed. A little bird sang nearby.","Lily chose the white box. Later, Lily carried the white box. Its color had not changed. A little bird sang nearby.",,
test-00115-error,Ana placed a shoe near the bench. That shoe remained above the bench. Nobody had moved it. The sun was shining.,above,Ana placed a shoe near the bench. That shoe remained above the bench. Nobody had moved it. The sun was shining.,Ana placed a shoe near the bench. That shoe remained on the bench. Nobody had moved it. The sun was shining.,,
test-00115-clean,Ana placed a shoe near the bench. That shoe remained near the bench. Nobody had moved it. The sun was shining.,near,Ana placed a shoe near the bench. That shoe remained on the bench. Nobody had moved it. The sun was shining.,Ana placed a shoe near the bench. That shoe remained near the bench. Nobody had moved it. The sun was shining.,,
test-00116-error,"One day, Finn lost a favorite toy. At that moment, Finn seemed happy. Tears ran down the little face.",happy,"One day, Finn lost a favorite toy. At that moment, Finn seemed very sad. Tears ran down the little face.","One day, Finn lost a favorite toy. At that moment, Finn seemed very. Tears ran down the little face.",,
test-00116-clean,"One day, Finn lost a favorite toy. At that moment, Finn seemed sad. Tears ran down the little face.",sad,"One day, Finn lost a favorite toy. At that moment, Finn seemed sad. Tears ran down the little face.","One day, Finn lost a favorite toy. At that moment, Finn seemed very sad. Tears ran down the little face.",,
test-00117-error,"One day, Zoe got caught in the rain. At that moment, Zoe seemed dry. Water dripped from the coat. It was early in the morning.",dry,"One day, Zoe got caught in the rain. At that moment, Zoe seemed troubled. Water dripped from the coat. It was early in the morning.","One day, Zoe got caught in the rain. At that moment, Zoe seemed dry. Water dripped from the coat. It was early in the morning.",,
test-00117-clean,"One day, Zoe got caught in the rain. At that moment, Zoe seemed wet. Water dripped from the coat. It was early in the morning.",wet,"One day, Zoe got caught in the rain. At that moment, Zoe seemed wet. Water dripped from the coat. It was early in the morning.","One day, Zoe got caught in the rain. At that moment, Zoe seemed troubled. Water dripped from the coat. It was early in the morning.",,
test-00118-error,A girl named Mia came by. He found a little ball. It was a quiet day.,He,A girl named Mia came by. She had found a little ball. It was a quiet day.,A girl named Mia came by. She found a little ball. It was a quiet day.,,
test-00118-clean,A girl named Mia came by. She found a little ball. It was a quiet day.,She,A girl named Mia came by. She found a little ball. It was a quiet day.,A girl named Mia came by. She had found a little ball. It was a quiet day.,,
test-00119-error,All three puppies was very tired. A friend was waiting.,was,All three puppies was very tired. A friend was waiting.,All three puppies were very tired. A friend was waiting.,,
test-00119-clean,All three puppies were very tired. A friend was waiting.,were,All three puppies were very tired. A friend was waiting.,All three puppies were very tired. A friend was waiting.,,
test-00120-error,"The hat was painted pink. Later, Ana carried the black hat. Its color had not changed. It was a quiet day.",black,"The hat was painted pink. Later, Ana carried the blue hat. Its color had not changed. It was a quiet day.","The hat was painted pink. Later, Ana carried the pink hat. Its color had not changed. It was a quiet day.",,
test-00120-clean,"The hat was painted pink. Later, Ana carried the pink hat. Its color had not changed. It was a quiet day.",pink,"The hat was painted pink. Later, Ana carried the pink hat. Its color had not changed. It was a quiet day.","The hat was painted pink. Later, Ana carried the blue hat. Its color had not changed. It was a quiet day.",,
test-00121-error,The shoe lay beside the desk. That shoe remained under the desk. Nobody had moved it.,under,The shoe lay beside the desk. That shoe remained on the desk. Nobody had moved it.,The shoe lay beside the desk. That shoe remained under the desk. Nobody had moved it.,,
test-00121-clean,The shoe lay beside the desk. That shoe remained beside the desk. Nobody had moved it.,beside,The shoe lay beside the desk. That shoe remained on the desk. Nobody had moved it.,The shoe lay beside the desk. That shoe remained beside the desk. Nobody had moved it.,,
test-00122-error,"After lunch, Leo played all day without resting. At that moment, Leo seemed awake. It was time to rest.",awake,"After lunch, Leo played all day without resting. At that moment, Leo seemed very happy. It was time to rest.","After lunch, Leo played all day without resting. At that moment, Leo seemed awake. It was time to rest.",,
test-00122-clean,"After lunch, Leo played all day without resting. At that moment, Leo seemed tired. It was time to rest.",tired,"After lunch, Leo played all day without resting. At that moment, Leo seemed very happy. It was time to rest.","After lunch, Leo played all day without resting. At that moment, Leo seemed tired. It was time to rest.",,
test-00123-error,"One day, Zoe turned off the only lamp. At that moment, the room seemed bright. There was no light in the room.",bright,"One day, Zoe turned off the only lamp. At that moment, the room seemed very. There was no light in the room.","One day, Zoe turned off the only lamp. At that moment, the room seemed very. There was no light in the room.",,
test-00123-clean,"One day, Zoe turned off the only lamp. At that moment, the room seemed dark. There was no light in the room.",dark,"One day, Zoe turned off the only lamp. At that moment, the room seemed dark. There was no light in the room.","One day, Zoe turned off the only lamp. At that moment, the room seemed dark. There was no light in the room.",,
test-00124-error,Two children went out together. She found a little ball. The sun was shining.,She,Two children went out together. They found a little ball. The sun was shining.,Two children went out together. They found a little ball. The sun was shining.,,
test-00124-clean,Two children went out together. They found a little ball. The sun was shining.,They,Two children went out together. They found a little ball. The sun was shining.,Two children went out together. They found a little ball. The sun was shining.,,
test-00125-error,"Each day, Rose play in the park. The sun was shining.",play,"Each day, Rose and playing in the park. The sun was shining.","Each day, Rose play in the park. The sun was shining.",,
test-00125-clean,"Each day, Rose plays in the park. The sun was shining.",plays,"Each day, Rose and playing in the park. The sun was shining.","Each day, Rose plays in the park. The sun was shining.",,
test-00126-error,"Ana chose the pink hat. Later, Ana carried the purple hat. Its color had not changed. It was early in the morning.",purple,"Ana chose the pink hat. Later, Ana carried the blue hat. Its color had not changed. It was early in the morning.","Ana chose the pink hat. Later, Ana carried the purple hat. Its color had not changed. It was early in the morning.",,
test-00126-clean,"Ana chose the pink hat. Later, Ana carried the pink hat. Its color had not changed. It was early in the morning.",pink,"Ana chose the pink hat. Later, Ana carried the pink hat. Its color had not changed. It was early in the morning.","Ana chose the pink hat. Later, Ana carried the blue hat. Its color had not changed. It was early in the morning.",,
test-00127-error,Max placed a ball under the desk. That ball remained beside the desk. Nobody had moved it. It was early in the morning.,beside,Max placed a ball under the desk. That ball remained in the desk. Nobody had moved it. It was early in the morning.,Max placed a ball under the desk. That ball remained beside the desk. Nobody had moved it. It was early in the morning.,,
test-00127-clean,Max placed a ball under the desk. That ball remained under the desk. Nobody had moved it. It was early in the morning.,under,Max placed a ball under the desk. That ball remained under the desk. Nobody had moved it. It was early in the morning.,Max placed a ball under the desk. That ball remained in the desk. Nobody had moved it. It was early in the morning.,,
test-00128-error,"One day, Max played all day without resting. At that moment, Max seemed awake. It was time to rest. A little bird sang nearby.",awake,"One day, Max played all day without resting. At that moment, Max seemed very happy. It was time to rest. A little bird sang nearby.","One day, Max played all day without resting. At that moment, Max seemed awake. It was time to rest. A little bird sang nearby.",,
test-00128-clean,"One day, Max played all day without resting. At that moment, Max seemed tired. It was time to rest. A little bird sang nearby.",tired,"One day, Max played all day without resting. At that moment, Max seemed tired. It was time to rest. A little bird sang nearby.","One day, Max played all day without resting. At that moment, Max seemed tired. It was time to rest. A little bird sang nearby.",,
test-00129-error,"One day, Mia emptied a box completely. At that moment, the box seemed full. There was nothing left inside.",full,"One day, Mia emptied a box completely. At that moment, the box seemed different. There was nothing left inside.","One day, Mia emptied a box completely. At that moment, the box seemed empty. There was nothing left inside.",,
test-00129-clean,"One day, Mia emptied a box completely. At that moment, the box seemed empty. There was nothing left inside.",empty,"One day, Mia emptied a box completely. At that moment, the box seemed empty. There was nothing left inside.","One day, Mia emptied a box completely. At that moment, the box seemed different. There was nothing left inside.",,
test-00130-error,A boy named Lucy came by. She found a little ball. A friend was waiting.,She,A boy named Lucy came by. He found a little ball. A friend was waiting.,A boy named Lucy came by. He had found a little ball. A friend was waiting.,,
test-00130-clean,A boy named Lucy came by. He found a little ball. A friend was waiting.,He,A boy named Lucy came by. He found a little ball. A friend was waiting.,A boy named Lucy came by. He had found a little ball. A friend was waiting.,,
test-00131-error,Those children was very tired. A little bird sang nearby.,was,Those children were very tired. A little bird sang nearby.,Those children were very tired. A little bird sang nearby.,,
test-00131-clean,Those children were very tired. A little bird sang nearby.,were,Those children were very tired. A little bird sang nearby.,Those children were very tired. A little bird sang nearby.,,
test-00132-error,"Max chose the black bag. Later, Max carried the purple bag. Its color had not changed. A little bird sang nearby.",purple,"Max chose the black bag. Later, Max carried the black bag. Its color had not changed. A little bird sang nearby.","Max chose the black bag. Later, Max carried the blue bag. Its color had not changed. A little bird sang nearby.",,
test-00132-clean,"Max chose the black bag. Later, Max carried the black bag. Its color had not changed. A little bird sang nearby.",black,"Max chose the black bag. Later, Max carried the black bag. Its color had not changed. A little bird sang nearby.","Max chose the black bag. Later, Max carried the blue bag. Its color had not changed. A little bird sang nearby.",,
test-00133-error,Alex placed a box behind the chair. That box remained beside the chair. Nobody had moved it. It was a quiet day.,beside,Alex placed a box behind the chair. That box remained beside the chair. Nobody had moved it. It was a quiet day.,Alex placed a box behind the chair. That box remained on the chair. Nobody had moved it. It was a quiet day.,,
test-00133-clean,Alex placed a box behind the chair. That box remained behind the chair. Nobody had moved it. It was a quiet day.,behind,Alex placed a box behind the chair. That box remained on the chair. Nobody had moved it. It was a quiet day.,Alex placed a box behind the chair. That box remained behind the chair. Nobody had moved it. It was a quiet day.,,
test-00134-error,"One day, Ben had not eaten all day. At that moment, Ben seemed full. The empty stomach growled. A little bird sang nearby.",full,"One day, Ben had not eaten all day. At that moment, Ben seemed full. The empty stomach growled. A little bird sang nearby.","One day, Ben had not eaten all day. At that moment, Ben seemed sad. The empty stomach growled. A little bird sang nearby.",,
test-00134-clean,"One day, Ben had not eaten all day. At that moment, Ben seemed hungry. The empty stomach growled. A little bird sang nearby.",hungry,"One day, Ben had not eaten all day. At that moment, Ben seemed hungry. The empty stomach growled. A little bird sang nearby.","One day, Ben had not eaten all day. At that moment, Ben seemed sad. The empty stomach growled. A little bird sang nearby.",,
test-00135-error,"One day, Jack emptied a box completely. At that moment, the box seemed full. There was nothing left inside. It was early in the morning.",full,"One day, Jack emptied a box completely. At that moment, the box seemed quite empty. There was nothing left inside. It was early in the morning.","One day, Jack emptied a box completely. At that moment, the box seemed empty. There was nothing left inside. It was early in the morning.",,
test-00135-clean,"One day, Jack emptied a box completely. At that moment, the box seemed empty. There was nothing left inside. It was early in the morning.",empty,"One day, Jack emptied a box completely. At that moment, the box seemed empty. There was nothing left inside. It was early in the morning.","One day, Jack emptied a box completely. At that moment, the box seemed quite empty. There was nothing left inside. It was early in the morning.",,
test-00136-error,"Zoe, a boy, went out. She found a little ball. The sun was shining.",She,"Zoe, a boy, went out. He found a little ball. The sun was shining.","Zoe, a boy, went out. He found a little ball. The sun was shining.",,
test-00136-clean,"Zoe, a boy, went out. He found a little ball. The sun was shining.",He,"Zoe, a boy, went out. He found a little ball. The sun was shining.","Zoe, a boy, went out. He found a little ball. The sun was shining.",,
test-00137-error,"Each day, Nora play in the park. A friend was waiting.",play,"Each day, Nora played in the park. A friend was waiting.","Each day, Nora play in the park. A friend was waiting.",,
test-00137-clean,"Each day, Nora plays in the park. A friend was waiting.",plays,"Each day, Nora plays in the park. A friend was waiting.","Each day, Nora played in the park. A friend was waiting.",,
test-00138-error,"The ball was painted pink. Later, Ben carried the purple ball. Its color had not changed. It was early in the morning.",purple,"The ball was painted pink. Later, Ben carried the blue ball. Its color had not changed. It was early in the morning.","The ball was painted pink. Later, Ben carried the pink ball. Its color had not changed. It was early in the morning.",,
test-00138-clean,"The ball was painted pink. Later, Ben carried the pink ball. Its color had not changed. It was early in the morning.",pink,"The ball was painted pink. Later, Ben carried the pink ball. Its color had not changed. It was early in the morning.","The ball was painted pink. Later, Ben carried the blue ball. Its color had not changed. It was early in the morning.",,
test-00139-error,Mia placed a toy under the bed. That toy remained near the bed. Nobody had moved it. A little bird sang nearby.,near,Mia placed a toy under the bed. That toy remained in the bed. Nobody had moved it. A little bird sang nearby.,Mia placed a toy under the bed. That toy remained near the bed. Nobody had moved it. A little bird sang nearby.,,
test-00139-clean,Mia placed a toy under the bed. That toy remained under the bed. Nobody had moved it. A little bird sang nearby.,under,Mia placed a toy under the bed. That toy remained under the bed. Nobody had moved it. A little bird sang nearby.,Mia placed a toy under the bed. That toy remained in the bed. Nobody had moved it. A little bird sang nearby.,,
test-00140-error,"After lunch, Jack lost a favorite toy. At that moment, Jack seemed happy. Tears ran down the little face. The sun was shining.",happy,"After lunch, Jack lost a favorite toy. At that moment, Jack seemed very sad. Tears ran down the little face. The sun was shining.","After lunch, Jack lost a favorite toy. At that moment, Jack seemed very sad. Tears ran down the little face. The sun was shining.",,
test-00140-clean,"After lunch, Jack lost a favorite toy. At that moment, Jack seemed sad. Tears ran down the little face. The sun was shining.",sad,"After lunch, Jack lost a favorite toy. At that moment, Jack seemed sad. Tears ran down the little face. The sun was shining.","After lunch, Jack lost a favorite toy. At that moment, Jack seemed very sad. Tears ran down the little face. The sun was shining.",,
test-00141-error,"One day, Jack got caught in the rain. At that moment, Jack seemed dry. Water dripped from the coat. A friend was waiting.",dry,"One day, Jack got caught in the rain. At that moment, Jack seemed very. Water dripped from the coat. A friend was waiting.","One day, Jack got caught in the rain. At that moment, Jack seemed very dry. Water dripped from the coat. A friend was waiting.",,
test-00141-clean,"One day, Jack got caught in the rain. At that moment, Jack seemed wet. Water dripped from the coat. A friend was waiting.",wet,"One day, Jack got caught in the rain. At that moment, Jack seemed very dry. Water dripped from the coat. A friend was waiting.","One day, Jack got caught in the rain. At that moment, Jack seemed wet. Water dripped from the coat. A friend was waiting.",,
test-00142-error,"Rose, a boy, went out. She found a little ball. It was early in the morning.",She,"Rose, a boy, went out. She found a little ball. It was early in the morning.","Rose, a boy, went out. He found a little ball. It was early in the morning.",,
test-00142-clean,"Rose, a boy, went out. He found a little ball. It was early in the morning.",He,"Rose, a boy, went out. She found a little ball. It was early in the morning.","Rose, a boy, went out. He found a little ball. It was early in the morning.",,
test-00143-error,All three cats was very tired.,was,All three cats were very tired.,All three cats was very tired.,,
test-00143-clean,All three cats were very tired.,were,All three cats were very tired.,All three cats were very tired.,,
test-00144-error,"Nora chose the white shirt. Later, Nora carried the yellow shirt. Its color had not changed. It was a quiet day.",yellow,"Nora chose the white shirt. Later, Nora carried the blue shirt. Its color had not changed. It was a quiet day.","Nora chose the white shirt. Later, Nora carried the white shirt. Its color had not changed. It was a quiet day.",,
test-00144-clean,"Nora chose the white shirt. Later, Nora carried the white shirt. Its color had not changed. It was a quiet day.",white,"Nora chose the white shirt. Later, Nora carried the blue shirt. Its color had not changed. It was a quiet day.","Nora chose the white shirt. Later, Nora carried the white shirt. Its color had not changed. It was a quiet day.",,
test-00145-error,The ball lay beside the bed. That ball remained under the bed. Nobody had moved it. It was a quiet day.,under,The ball lay beside the bed. That ball remained under the bed. Nobody had moved it. It was a quiet day.,The ball lay beside the bed. That ball remained on the bed. Nobody had moved it. It was a quiet day.,,
test-00145-clean,The ball lay beside the bed. That ball remained beside the bed. Nobody had moved it. It was a quiet day.,beside,The ball lay beside the bed. That ball remained beside the bed. Nobody had moved it. It was a quiet day.,The ball lay beside the bed. That ball remained on the bed. Nobody had moved it. It was a quiet day.,,
test-00146-error,"After lunch, Alex lost a favorite toy. At that moment, Alex seemed happy. Tears ran down the little face. A little bird sang nearby.",happy,"After lunch, Alex lost a favorite toy. At that moment, Alex seemed sad. Tears ran down the little face. A little bird sang nearby.","After lunch, Alex lost a favorite toy. At that moment, Alex seemed sad. Tears ran down the little face. A little bird sang nearby.",,
test-00146-clean,"After lunch, Alex lost a favorite toy. At that moment, Alex seemed sad. Tears ran down the little face. A little bird sang nearby.",sad,"After lunch, Alex lost a favorite toy. At that moment, Alex seemed sad. Tears ran down the little face. A little bird sang nearby.","After lunch, Alex lost a favorite toy. At that moment, Alex seemed sad. Tears ran down the little face. A little bird sang nearby.",,
test-00147-error,"One day, Sam sat by a warm fire. At that moment, Sam seemed cold. The fire gave off plenty of heat. The sun was shining.",cold,"One day, Sam sat by a warm fire. At that moment, Sam seemed very happy. The fire gave off plenty of heat. The sun was shining.","One day, Sam sat by a warm fire. At that moment, Sam seemed cold. The fire gave off plenty of heat. The sun was shining.",,
test-00147-clean,"One day, Sam sat by a warm fire. At that moment, Sam seemed warm. The fire gave off plenty of heat. The sun was shining.",warm,"One day, Sam sat by a warm fire. At that moment, Sam seemed warm. The fire gave off plenty of heat. The sun was shining.","One day, Sam sat by a warm fire. At that moment, Sam seemed very happy. The fire gave off plenty of heat. The sun was shining.",,
test-00148-error,A boy named Nora came by. She found a little ball. The sun was shining.,She,A boy named Nora came by. He had found a little ball. The sun was shining.,A boy named Nora came by. He found a little ball. The sun was shining.,,
test-00148-clean,A boy named Nora came by. He found a little ball. The sun was shining.,He,A boy named Nora came by. He found a little ball. The sun was shining.,A boy named Nora came by. He had found a little ball. The sun was shining.,,
test-00149-error,"Every afternoon, Rose walk in the park. The sun was shining.",walk,"Every afternoon, Rose walk in the park. The sun was shining.","Every afternoon, Rose would play in the park. The sun was shining.",,
test-00149-clean,"Every afternoon, Rose walks in the park. The sun was shining.",walks,"Every afternoon, Rose would play in the park. The sun was shining.","Every afternoon, Rose walks in the park. The sun was shining.",,
test-00150-error,"The box was painted black. Later, Ella carried the blue box. Its color had not changed. The sun was shining.",blue,"The box was painted black. Later, Ella carried the box of box. Its color had not changed. The sun was shining.","The box was painted black. Later, Ella carried the black box. Its color had not changed. The sun was shining.",,
test-00150-clean,"The box was painted black. Later, Ella carried the black box. Its color had not changed. The sun was shining.",black,"The box was painted black. Later, Ella carried the box of box. Its color had not changed. The sun was shining.","The box was painted black. Later, Ella carried the black box. Its color had not changed. The sun was shining.",,
test-00151-error,The ball lay behind the table. That ball remained under the table. Nobody had moved it. It was a quiet day.,under,The ball lay behind the table. That ball remained under the table. Nobody had moved it. It was a quiet day.,The ball lay behind the table. That ball remained on the table. Nobody had moved it. It was a quiet day.,,
test-00151-clean,The ball lay behind the table. That ball remained behind the table. Nobody had moved it. It was a quiet day.,behind,The ball lay behind the table. That ball remained behind the table. Nobody had moved it. It was a quiet day.,The ball lay behind the table. That ball remained on the table. Nobody had moved it. It was a quiet day.,,
test-00152-error,"One day, Finn heard a scary noise. At that moment, Finn seemed calm. Both hands shook with fear. The sun was shining.",calm,"One day, Finn heard a scary noise. At that moment, Finn seemed very. Both hands shook with fear. The sun was shining.","One day, Finn heard a scary noise. At that moment, Finn seemed scared. Both hands shook with fear. The sun was shining.",,
test-00152-clean,"One day, Finn heard a scary noise. At that moment, Finn seemed scared. Both hands shook with fear. The sun was shining.",scared,"One day, Finn heard a scary noise. At that moment, Finn seemed scared. Both hands shook with fear. The sun was shining.","One day, Finn heard a scary noise. At that moment, Finn seemed scared. Both hands shook with fear. The sun was shining.",,
test-00153-error,"After lunch, Lily sat by a warm fire. At that moment, Lily seemed cold. The fire gave off plenty of heat.",cold,"After lunch, Lily sat by a warm fire. At that moment, Lily seemed very happy. The fire gave off plenty of heat.","After lunch, Lily sat by a warm fire. At that moment, Lily seemed cold. The fire gave off plenty of heat.",,
test-00153-clean,"After lunch, Lily sat by a warm fire. At that moment, Lily seemed warm. The fire gave off plenty of heat.",warm,"After lunch, Lily sat by a warm fire. At that moment, Lily seemed warm. The fire gave off plenty of heat.","After lunch, Lily sat by a warm fire. At that moment, Lily seemed very happy. The fire gave off plenty of heat.",,
test-00154-error,Two children went out together. She found a little ball. It was early in the morning.,She,Two children went out together. They found a little ball. It was early in the morning.,Two children went out together. They found a little ball. It was early in the morning.,,
test-00154-clean,Two children went out together. They found a little ball. It was early in the morning.,They,Two children went out together. They found a little ball. It was early in the morning.,Two children went out together. They found a little ball. It was early in the morning.,,
test-00155-error,"Last week, Ella walk before going home. A little bird sang nearby.",walk,"Last week, Ella knew before going home. A little bird sang nearby.","Last week, Ella walk before going home. A little bird sang nearby.",,
test-00155-clean,"Last week, Ella walked before going home. A little bird sang nearby.",walked,"Last week, Ella walked before going home. A little bird sang nearby.","Last week, Ella knew before going home. A little bird sang nearby.",,
test-00156-error,"The cup was painted yellow. Later, Ella carried the red cup. Its color had not changed. A little bird sang nearby.",red,"The cup was painted yellow. Later, Ella carried the yellow cup. Its color had not changed. A little bird sang nearby.","The cup was painted yellow. Later, Ella carried the yellow yellow cup. Its color had not changed. A little bird sang nearby.",,
test-00156-clean,"The cup was painted yellow. Later, Ella carried the yellow cup. Its color had not changed. A little bird sang nearby.",yellow,"The cup was painted yellow. Later, Ella carried the yellow cup. Its color had not changed. A little bird sang nearby.","The cup was painted yellow. Later, Ella carried the yellow cup. Its color had not changed. A little bird sang nearby.",,
test-00157-error,The box lay under the tree. That box remained near the tree. Nobody had moved it. It was a quiet day.,near,The box lay under the tree. That box remained under the tree. Nobody had moved it. It was a quiet day.,The box lay under the tree. That box remained in the tree. Nobody had moved it. It was a quiet day.,,
test-00157-clean,The box lay under the tree. That box remained under the tree. Nobody had moved it. It was a quiet day.,under,The box lay under the tree. That box remained in the tree. Nobody had moved it. It was a quiet day.,The box lay under the tree. That box remained under the tree. Nobody had moved it. It was a quiet day.,,
test-00158-error,"One day, Lily had not eaten all day. At that moment, Lily seemed full. The empty stomach growled.",full,"One day, Lily had not eaten all day. At that moment, Lily seemed so. The empty stomach growled.","One day, Lily had not eaten all day. At that moment, Lily seemed very sad. The empty stomach growled.",,
test-00158-clean,"One day, Lily had not eaten all day. At that moment, Lily seemed hungry. The empty stomach growled.",hungry,"One day, Lily had not eaten all day. At that moment, Lily seemed very sad. The empty stomach growled.","One day, Lily had not eaten all day. At that moment, Lily seemed hungry. The empty stomach growled.",,
test-00159-error,"One day, Ana sat by a warm fire. At that moment, Ana seemed cold. The fire gave off plenty of heat. A friend was waiting.",cold,"One day, Ana sat by a warm fire. At that moment, Ana seemed cold. The fire gave off plenty of heat. A friend was waiting.","One day, Ana sat by a warm fire. At that moment, Ana seemed very happy. The fire gave off plenty of heat. A friend was waiting.",,
test-00159-clean,"One day, Ana sat by a warm fire. At that moment, Ana seemed warm. The fire gave off plenty of heat. A friend was waiting.",warm,"One day, Ana sat by a warm fire. At that moment, Ana seemed warm. The fire gave off plenty of heat. A friend was waiting.","One day, Ana sat by a warm fire. At that moment, Ana seemed very happy. The fire gave off plenty of heat. A friend was waiting.",,
test-00160-error,"Ben, a boy, went out. She found a little ball. It was a quiet day.",She,"Ben, a boy, went out. He found a little ball. It was a quiet day.","Ben, a boy, went out. He found a little ball. It was a quiet day.",,
test-00160-clean,"Ben, a boy, went out. He found a little ball. It was a quiet day.",He,"Ben, a boy, went out. He found a little ball. It was a quiet day.","Ben, a boy, went out. He found a little ball. It was a quiet day.",,
test-00161-error,"Every afternoon, Zoe eat in the park. A friend was waiting.",eat,"Every afternoon, Zoe eat in the park. A friend was waiting.","Every afternoon, Zoe would go in the park. A friend was waiting.",,
test-00161-clean,"Every afternoon, Zoe eats in the park. A friend was waiting.",eats,"Every afternoon, Zoe would go in the park. A friend was waiting.","Every afternoon, Zoe eats in the park. A friend was waiting.",,
test-00162-error,"Max chose the red cup. Later, Max carried the white cup. Its color had not changed. It was a quiet day.",white,"Max chose the red cup. Later, Max carried the red cup. Its color had not changed. It was a quiet day.","Max chose the red cup. Later, Max carried the red cup. Its color had not changed. It was a quiet day.",,
test-00162-clean,"Max chose the red cup. Later, Max carried the red cup. Its color had not changed. It was a quiet day.",red,"Max chose the red cup. Later, Max carried the red cup. Its color had not changed. It was a quiet day.","Max chose the red cup. Later, Max carried the red cup. Its color had not changed. It was a quiet day.",,
test-00163-error,Mia placed a toy under the bench. That toy remained near the bench. Nobody had moved it. A little bird sang nearby.,near,Mia placed a toy under the bench. That toy remained under the bench. Nobody had moved it. A little bird sang nearby.,Mia placed a toy under the bench. That toy remained in the bench. Nobody had moved it. A little bird sang nearby.,,
test-00163-clean,Mia placed a toy under the bench. That toy remained under the bench. Nobody had moved it. A little bird sang nearby.,under,Mia placed a toy under the bench. That toy remained in the bench. Nobody had moved it. A little bird sang nearby.,Mia placed a toy under the bench. That toy remained under the bench. Nobody had moved it. A little bird sang nearby.,,
test-00164-error,"After lunch, Alex won a fun game. At that moment, Alex seemed sad. There was a big smile.",sad,"After lunch, Alex won a fun game. At that moment, Alex seemed happy. There was a big smile.","After lunch, Alex won a fun game. At that moment, Alex seemed very happy. There was a big smile.",,
test-00164-clean,"After lunch, Alex won a fun game. At that moment, Alex seemed happy. There was a big smile.",happy,"After lunch, Alex won a fun game. At that moment, Alex seemed happy. There was a big smile.","After lunch, Alex won a fun game. At that moment, Alex seemed very happy. There was a big smile.",,
test-00165-error,"After lunch, Jack filled a box to the top. At that moment, the box seemed empty. There was no room for anything else.",empty,"After lunch, Jack filled a box to the top. At that moment, the box seemed empty. There was no room for anything else.","After lunch, Jack filled a box to the top. At that moment, the box seemed very empty. There was no room for anything else.",,
test-00165-clean,"After lunch, Jack filled a box to the top. At that moment, the box seemed full. There was no room for anything else.",full,"After lunch, Jack filled a box to the top. At that moment, the box seemed very empty. There was no room for anything else.","After lunch, Jack filled a box to the top. At that moment, the box seemed full. There was no room for anything else.",,
test-00166-error,A boy named Ben came by. She found a little ball.,She,A boy named Ben came by. He had found a little ball.,A boy named Ben came by. He found a little ball.,,
test-00166-clean,A boy named Ben came by. He found a little ball.,He,A boy named Ben came by. He had found a little ball.,A boy named Ben came by. He found a little ball.,,
test-00167-error,"Last week, Lily walk before going home. A little bird sang nearby.",walk,"Last week, Lily knew before going home. A little bird sang nearby.","Last week, Lily walk before going home. A little bird sang nearby.",,
test-00167-clean,"Last week, Lily walked before going home. A little bird sang nearby.",walked,"Last week, Lily knew before going home. A little bird sang nearby.","Last week, Lily walked before going home. A little bird sang nearby.",,
test-00168-error,"Leo chose the purple box. Later, Leo carried the red box. Its color had not changed.",red,"Leo chose the purple box. Later, Leo carried the purple box. Its color had not changed.","Leo chose the purple box. Later, Leo carried the purple box. Its color had not changed.",,
test-00168-clean,"Leo chose the purple box. Later, Leo carried the purple box. Its color had not changed.",purple,"Leo chose the purple box. Later, Leo carried the purple box. Its color had not changed.","Leo chose the purple box. Later, Leo carried the purple box. Its color had not changed.",,
test-00169-error,The shoe lay behind the tree. That shoe remained under the tree. Nobody had moved it.,under,The shoe lay behind the tree. That shoe remained in the tree. Nobody had moved it.,The shoe lay behind the tree. That shoe remained under the tree. Nobody had moved it.,,
test-00169-clean,The shoe lay behind the tree. That shoe remained behind the tree. Nobody had moved it.,behind,The shoe lay behind the tree. That shoe remained in the tree. Nobody had moved it.,The shoe lay behind the tree. That shoe remained behind the tree. Nobody had moved it.,,
test-00170-error,"After lunch, Max lost a favorite toy. At that moment, Max seemed happy. Tears ran down the little face.",happy,"After lunch, Max lost a favorite toy. At that moment, Max seemed very sad. Tears ran down the little face.","After lunch, Max lost a favorite toy. At that moment, Max seemed very sad. Tears ran down the little face.",,
test-00170-clean,"After lunch, Max lost a favorite toy. At that moment, Max seemed sad. Tears ran down the little face.",sad,"After lunch, Max lost a favorite toy. At that moment, Max seemed very sad. Tears ran down the little face.","After lunch, Max lost a favorite toy. At that moment, Max seemed sad. Tears ran down the little face.",,
test-00171-error,"After lunch, Sam got caught in the rain. At that moment, Sam seemed dry. Water dripped from the coat. It was early in the morning.",dry,"After lunch, Sam got caught in the rain. At that moment, Sam seemed dry. Water dripped from the coat. It was early in the morning.","After lunch, Sam got caught in the rain. At that moment, Sam seemed very happy. Water dripped from the coat. It was early in the morning.",,
test-00171-clean,"After lunch, Sam got caught in the rain. At that moment, Sam seemed wet. Water dripped from the coat. It was early in the morning.",wet,"After lunch, Sam got caught in the rain. At that moment, Sam seemed wet. Water dripped from the coat. It was early in the morning.","After lunch, Sam got caught in the rain. At that moment, Sam seemed very happy. Water dripped from the coat. It was early in the morning.",,
test-00172-error,A girl named Zoe came by. He found a little ball. A little bird sang nearby.,He,A girl named Zoe came by. She had found a little ball. A little bird sang nearby.,A girl named Zoe came by. She found a little ball. A little bird sang nearby.,,
test-00172-clean,A girl named Zoe came by. She found a little ball. A little bird sang nearby.,She,A girl named Zoe came by. She had found a little ball. A little bird sang nearby.,A girl named Zoe came by. She found a little ball. A little bird sang nearby.,,
test-00173-error,"Last night, Zoe play before going home. The sun was shining.",play,"Last night, Zoe was ready before going home. The sun was shining.","Last night, Zoe play before going home. The sun was shining.",,
test-00173-clean,"Last night, Zoe played before going home. The sun was shining.",played,"Last night, Zoe was ready before going home. The sun was shining.","Last night, Zoe played before going home. The sun was shining.",,
test-00174-error,"Max chose the blue coat. Later, Max carried the black coat. Its color had not changed. It was early in the morning.",black,"Max chose the blue coat. Later, Max carried the blue coat. Its color had not changed. It was early in the morning.","Max chose the blue coat. Later, Max carried the blue coat. Its color had not changed. It was early in the morning.",,
test-00174-clean,"Max chose the blue coat. Later, Max carried the blue coat. Its color had not changed. It was early in the morning.",blue,"Max chose the blue coat. Later, Max carried the blue coat. Its color had not changed. It was early in the morning.","Max chose the blue coat. Later, Max carried the blue coat. Its color had not changed. It was early in the morning.",,
test-00175-error,The box lay near the table. That box remained beside the table. Nobody had moved it. It was early in the morning.,beside,The box lay near the table. That box remained beside the table. Nobody had moved it. It was early in the morning.,The box lay near the table. That box remained on the table. Nobody had moved it. It was early in the morning.,,
test-00175-clean,The box lay near the table. That box remained near the table. Nobody had moved it. It was early in the morning.,near,The box lay near the table. That box remained on the table. Nobody had moved it. It was early in the morning.,The box lay near the table. That box remained near the table. Nobody had moved it. It was early in the morning.,,
test-00176-error,"After lunch, Rose lost a favorite toy. At that moment, Rose seemed happy. Tears ran down the little face. A little bird sang nearby.",happy,"After lunch, Rose lost a favorite toy. At that moment, Rose seemed very sad. Tears ran down the little face. A little bird sang nearby.","After lunch, Rose lost a favorite toy. At that moment, Rose seemed very sad. Tears ran down the little face. A little bird sang nearby.",,
test-00176-clean,"After lunch, Rose lost a favorite toy. At that moment, Rose seemed sad. Tears ran down the little face. A little bird sang nearby.",sad,"After lunch, Rose lost a favorite toy. At that moment, Rose seemed sad. Tears ran down the little face. A little bird sang nearby.","After lunch, Rose lost a favorite toy. At that moment, Rose seemed very sad. Tears ran down the little face. A little bird sang nearby.",,
test-00177-error,"After lunch, Max turned off the only lamp. At that moment, the room seemed bright. There was no light in the room.",bright,"After lunch, Max turned off the only lamp. At that moment, the room seemed different. There was no light in the room.","After lunch, Max turned off the only lamp. At that moment, the room seemed bright. There was no light in the room.",,
test-00177-clean,"After lunch, Max turned off the only lamp. At that moment, the room seemed dark. There was no light in the room.",dark,"After lunch, Max turned off the only lamp. At that moment, the room seemed dark. There was no light in the room.","After lunch, Max turned off the only lamp. At that moment, the room seemed different. There was no light in the room.",,
test-00178-error,A girl named Ella came by. He found a little ball. It was a quiet day.,He,A girl named Ella came by. She had found a little ball. It was a quiet day.,A girl named Ella came by. She found a little ball. It was a quiet day.,,
test-00178-clean,A girl named Ella came by. She found a little ball. It was a quiet day.,She,A girl named Ella came by. She found a little ball. It was a quiet day.,A girl named Ella came by. She had found a little ball. It was a quiet day.,,
test-00179-error,Max found a apple for a friend.,a,Max found a delicious apple for a friend.,Max found a apple for a friend.,,
test-00179-clean,Max found an apple for a friend.,an,Max found an apple for a friend.,Max found a delicious apple for a friend.,,
test-00180-error,"The shirt was painted green. Later, Ana carried the black shirt. Its color had not changed. The sun was shining.",black,"The shirt was painted green. Later, Ana carried the black shirt. Its color had not changed. The sun was shining.","The shirt was painted green. Later, Ana carried the blue shirt. Its color had not changed. The sun was shining.",,
test-00180-clean,"The shirt was painted green. Later, Ana carried the green shirt. Its color had not changed. The sun was shining.",green,"The shirt was painted green. Later, Ana carried the green shirt. Its color had not changed. The sun was shining.","The shirt was painted green. Later, Ana carried the blue shirt. Its color had not changed. The sun was shining.",,
test-00181-error,Ana placed a toy behind the desk. That toy remained near the desk. Nobody had moved it.,near,Ana placed a toy behind the desk. That toy remained in the desk. Nobody had moved it.,Ana placed a toy behind the desk. That toy remained near the desk. Nobody had moved it.,,
test-00181-clean,Ana placed a toy behind the desk. That toy remained behind the desk. Nobody had moved it.,behind,Ana placed a toy behind the desk. That toy remained in the desk. Nobody had moved it.,Ana placed a toy behind the desk. That toy remained behind the desk. Nobody had moved it.,,
test-00182-error,"One day, Alex played all day without resting. At that moment, Alex seemed awake. It was time to rest. A friend was waiting.",awake,"One day, Alex played all day without resting. At that moment, Alex seemed so. It was time to rest. A friend was waiting.","One day, Alex played all day without resting. At that moment, Alex seemed so tired. It was time to rest. A friend was waiting.",,
test-00182-clean,"One day, Alex played all day without resting. At that moment, Alex seemed tired. It was time to rest. A friend was waiting.",tired,"One day, Alex played all day without resting. At that moment, Alex seemed so tired. It was time to rest. A friend was waiting.","One day, Alex played all day without resting. At that moment, Alex seemed tired. It was time to rest. A friend was waiting.",,
test-00183-error,"After lunch, Tom filled a box to the top. At that moment, the box seemed empty. There was no room for anything else. The sun was shining.",empty,"After lunch, Tom filled a box to the top. At that moment, the box seemed empty. There was no room for anything else. The sun was shining.","After lunch, Tom filled a box to the top. At that moment, the box seemed happy. There was no room for anything else. The sun was shining.",,
test-00183-clean,"After lunch, Tom filled a box to the top. At that moment, the box seemed full. There was no room for anything else. The sun was shining.",full,"After lunch, Tom filled a box to the top. At that moment, the box seemed full. There was no room for anything else. The sun was shining.","After lunch, Tom filled a box to the top. At that moment, the box seemed happy. There was no room for anything else. The sun was shining.",,
test-00184-error,"Zoe, a girl, went out. He found a little ball.",He,"Zoe, a girl, went out. She found a little ball.","Zoe, a girl, went out. She found a little ball.",,
test-00184-clean,"Zoe, a girl, went out. She found a little ball.",She,"Zoe, a girl, went out. She found a little ball.","Zoe, a girl, went out. She found a little ball.",,
test-00185-error,"Each day, Nora eat in the park. It was a quiet day.",eat,"Each day, Nora lived in the park. It was a quiet day.","Each day, Nora eat in the park. It was a quiet day.",,
test-00185-clean,"Each day, Nora eats in the park. It was a quiet day.",eats,"Each day, Nora eats in the park. It was a quiet day.","Each day, Nora lived in the park. It was a quiet day.",,
test-00186-error,"The coat was painted red. Later, Ben carried the pink coat. Its color had not changed. It was a quiet day.",pink,"The coat was painted red. Later, Ben carried the blue coat. Its color had not changed. It was a quiet day.","The coat was painted red. Later, Ben carried the red coat. Its color had not changed. It was a quiet day.",,
test-00186-clean,"The coat was painted red. Later, Ben carried the red coat. Its color had not changed. It was a quiet day.",red,"The coat was painted red. Later, Ben carried the red coat. Its color had not changed. It was a quiet day.","The coat was painted red. Later, Ben carried the blue coat. Its color had not changed. It was a quiet day.",,
test-00187-error,The ball lay behind the desk. That ball remained above the desk. Nobody had moved it. It was a quiet day.,above,The ball lay behind the desk. That ball remained above the desk. Nobody had moved it. It was a quiet day.,The ball lay behind the desk. That ball remained in the desk. Nobody had moved it. It was a quiet day.,,
test-00187-clean,The ball lay behind the desk. That ball remained behind the desk. Nobody had moved it. It was a quiet day.,behind,The ball lay behind the desk. That ball remained in the desk. Nobody had moved it. It was a quiet day.,The ball lay behind the desk. That ball remained behind the desk. Nobody had moved it. It was a quiet day.,,
test-00188-error,"One day, Rose had not eaten all day. At that moment, Rose seemed full. The empty stomach growled. A friend was waiting.",full,"One day, Rose had not eaten all day. At that moment, Rose seemed very hungry. The empty stomach growled. A friend was waiting.","One day, Rose had not eaten all day. At that moment, Rose seemed very hungry. The empty stomach growled. A friend was waiting.",,
test-00188-clean,"One day, Rose had not eaten all day. At that moment, Rose seemed hungry. The empty stomach growled. A friend was waiting.",hungry,"One day, Rose had not eaten all day. At that moment, Rose seemed hungry. The empty stomach growled. A friend was waiting.","One day, Rose had not eaten all day. At that moment, Rose seemed very hungry. The empty stomach growled. A friend was waiting.",,
test-00189-error,"One day, Ana got caught in the rain. At that moment, Ana seemed dry. Water dripped from the coat. It was a quiet day.",dry,"One day, Ana got caught in the rain. At that moment, Ana seemed sad. Water dripped from the coat. It was a quiet day.","One day, Ana got caught in the rain. At that moment, Ana seemed dry. Water dripped from the coat. It was a quiet day.",,
test-00189-clean,"One day, Ana got caught in the rain. At that moment, Ana seemed wet. Water dripped from the coat. It was a quiet day.",wet,"One day, Ana got caught in the rain. At that moment, Ana seemed sad. Water dripped from the coat. It was a quiet day.","One day, Ana got caught in the rain. At that moment, Ana seemed wet. Water dripped from the coat. It was a quiet day.",,
test-00190-error,A girl named Lily came by. He found a little ball. A little bird sang nearby.,He,A girl named Lily came by. She had found a little ball. A little bird sang nearby.,A girl named Lily came by. She found a little ball. A little bird sang nearby.,,
test-00190-clean,A girl named Lily came by. She found a little ball. A little bird sang nearby.,She,A girl named Lily came by. She had found a little ball. A little bird sang nearby.,A girl named Lily came by. She found a little ball. A little bird sang nearby.,,
test-00191-error,All three birds was very tired. A little bird sang nearby.,was,All three birds were very tired. A little bird sang nearby.,All three birds was very tired. A little bird sang nearby.,,
test-00191-clean,All three birds were very tired. A little bird sang nearby.,were,All three birds were very tired. A little bird sang nearby.,All three birds were very tired. A little bird sang nearby.,,
test-00192-error,"Tom chose the green cup. Later, Tom carried the red cup. Its color had not changed. A little bird sang nearby.",red,"Tom chose the green cup. Later, Tom carried the blue cup. Its color had not changed. A little bird sang nearby.","Tom chose the green cup. Later, Tom carried the green cup. Its color had not changed. A little bird sang nearby.",,
test-00192-clean,"Tom chose the green cup. Later, Tom carried the green cup. Its color had not changed. A little bird sang nearby.",green,"Tom chose the green cup. Later, Tom carried the green cup. Its color had not changed. A little bird sang nearby.","Tom chose the green cup. Later, Tom carried the blue cup. Its color had not changed. A little bird sang nearby.",,
test-00193-error,Leo placed a toy near the tree. That toy remained under the tree. Nobody had moved it.,under,Leo placed a toy near the tree. That toy remained in the tree. Nobody had moved it.,Leo placed a toy near the tree. That toy remained under the tree. Nobody had moved it.,,
test-00193-clean,Leo placed a toy near the tree. That toy remained near the tree. Nobody had moved it.,near,Leo placed a toy near the tree. That toy remained in the tree. Nobody had moved it.,Leo placed a toy near the tree. That toy remained near the tree. Nobody had moved it.,,
test-00194-error,"One day, Lily had not eaten all day. At that moment, Lily seemed full. The empty stomach growled. It was early in the morning.",full,"One day, Lily had not eaten all day. At that moment, Lily seemed hungry. The empty stomach growled. It was early in the morning.","One day, Lily had not eaten all day. At that moment, Lily seemed very sad. The empty stomach growled. It was early in the morning.",,
test-00194-clean,"One day, Lily had not eaten all day. At that moment, Lily seemed hungry. The empty stomach growled. It was early in the morning.",hungry,"One day, Lily had not eaten all day. At that moment, Lily seemed hungry. The empty stomach growled. It was early in the morning.","One day, Lily had not eaten all day. At that moment, Lily seemed very sad. The empty stomach growled. It was early in the morning.",,
test-00195-error,"One day, Ana filled a box to the top. At that moment, the box seemed empty. There was no room for anything else. A little bird sang nearby.",empty,"One day, Ana filled a box to the top. At that moment, the box seemed empty. There was no room for anything else. A little bird sang nearby.","One day, Ana filled a box to the top. At that moment, the box seemed so. There was no room for anything else. A little bird sang nearby.",,
test-00195-clean,"One day, Ana filled a box to the top. At that moment, the box seemed full. There was no room for anything else. A little bird sang nearby.",full,"One day, Ana filled a box to the top. At that moment, the box seemed full. There was no room for anything else. A little bird sang nearby.","One day, Ana filled a box to the top. At that moment, the box seemed to be. There was no room for anything else. A little bird sang nearby.",,
test-00196-error,Jack and two friends came by. She found a little ball. It was a quiet day.,She,Jack and two friends came by. They had found a little ball. It was a quiet day.,Jack and two friends came by. They found a little ball. It was a quiet day.,,
test-00196-clean,Jack and two friends came by. They found a little ball. It was a quiet day.,They,Jack and two friends came by. They had found a little ball. It was a quiet day.,Jack and two friends came by. They found a little ball. It was a quiet day.,,
test-00197-error,"Last week, Nora run before going home. It was early in the morning.",run,"Last week, Nora and before going home. It was early in the morning.","Last week, Nora run before going home. It was early in the morning.",,
test-00197-clean,"Last week, Nora ran before going home. It was early in the morning.",ran,"Last week, Nora and before going home. It was early in the morning.","Last week, Nora ran before going home. It was early in the morning.",,
test-00198-error,"Sam chose the pink ball. Later, Sam carried the red ball. Its color had not changed. The sun was shining.",red,"Sam chose the pink ball. Later, Sam carried the pink ball. Its color had not changed. The sun was shining.","Sam chose the pink ball. Later, Sam carried the pink ball. Its color had not changed. The sun was shining.",,
test-00198-clean,"Sam chose the pink ball. Later, Sam carried the pink ball. Its color had not changed. The sun was shining.",pink,"Sam chose the pink ball. Later, Sam carried the pink ball. Its color had not changed. The sun was shining.","Sam chose the pink ball. Later, Sam carried the pink ball. Its color had not changed. The sun was shining.",,
test-00199-error,The shoe lay beside the desk. That shoe remained above the desk. Nobody had moved it. It was early in the morning.,above,The shoe lay beside the desk. That shoe remained above the desk. Nobody had moved it. It was early in the morning.,The shoe lay beside the desk. That shoe remained on the desk. Nobody had moved it. It was early in the morning.,,
test-00199-clean,The shoe lay beside the desk. That shoe remained beside the desk. Nobody had moved it. It was early in the morning.,beside,The shoe lay beside the desk. That shoe remained on the desk. Nobody had moved it. It was early in the morning.,The shoe lay beside the desk. That shoe remained beside the desk. Nobody had moved it. It was early in the morning.,,
test-00200-error,"After lunch, Lucy played all day without resting. At that moment, Lucy seemed awake. It was time to rest. A friend was waiting.",awake,"After lunch, Lucy played all day without resting. At that moment, Lucy seemed tired. It was time to rest. A friend was waiting.","After lunch, Lucy played all day without resting. At that moment, Lucy seemed very tired. It was time to rest. A friend was waiting.",,
test-00200-clean,"After lunch, Lucy played all day without resting. At that moment, Lucy seemed tired. It was time to rest. A friend was waiting.",tired,"After lunch, Lucy played all day without resting. At that moment, Lucy seemed tired. It was time to rest. A friend was waiting.","After lunch, Lucy played all day without resting. At that moment, Lucy seemed very tired. It was time to rest. A friend was waiting.",,
test-00201-error,"After lunch, Lucy got caught in the rain. At that moment, Lucy seemed dry. Water dripped from the coat. It was early in the morning.",dry,"After lunch, Lucy got caught in the rain. At that moment, Lucy seemed dry. Water dripped from the coat. It was early in the morning.","After lunch, Lucy got caught in the rain. At that moment, Lucy seemed dry. Water dripped from the coat. It was early in the morning.",,
test-00201-clean,"After lunch, Lucy got caught in the rain. At that moment, Lucy seemed wet. Water dripped from the coat. It was early in the morning.",wet,"After lunch, Lucy got caught in the rain. At that moment, Lucy seemed wet. Water dripped from the coat. It was early in the morning.","After lunch, Lucy got caught in the rain. At that moment, Lucy seemed wet. Water dripped from the coat. It was early in the morning.",,
test-00202-error,A girl named Ella came by. He found a little ball. The sun was shining.,He,A girl named Ella came by. She had found a little ball. The sun was shining.,A girl named Ella came by. She found a little ball. The sun was shining.,,
test-00202-clean,A girl named Ella came by. She found a little ball. The sun was shining.,She,A girl named Ella came by. She found a little ball. The sun was shining.,A girl named Ella came by. She had found a little ball. The sun was shining.,,
test-00203-error,Those boys was very tired. It was early in the morning.,was,Those boys were very tired. It was early in the morning.,Those boys were very tired. It was early in the morning.,,
test-00203-clean,Those boys were very tired. It was early in the morning.,were,Those boys were very tired. It was early in the morning.,Those boys were very tired. It was early in the morning.,,
test-00204-error,"Ella chose the red kite. Later, Ella carried the black kite. Its color had not changed.",black,"Ella chose the red kite. Later, Ella carried the red kite. Its color had not changed.","Ella chose the red kite. Later, Ella carried the red kite. Its color had not changed.",,
test-00204-clean,"Ella chose the red kite. Later, Ella carried the red kite. Its color had not changed.",red,"Ella chose the red kite. Later, Ella carried the red kite. Its color had not changed.","Ella chose the red kite. Later, Ella carried the red kite. Its color had not changed.",,
test-00205-error,The ball lay beside the desk. That ball remained above the desk. Nobody had moved it. It was early in the morning.,above,The ball lay beside the desk. That ball remained on the desk. Nobody had moved it. It was early in the morning.,The ball lay beside the desk. That ball remained above the desk. Nobody had moved it. It was early in the morning.,,
test-00205-clean,The ball lay beside the desk. That ball remained beside the desk. Nobody had moved it. It was early in the morning.,beside,The ball lay beside the desk. That ball remained beside the desk. Nobody had moved it. It was early in the morning.,The ball lay beside the desk. That ball remained on the desk. Nobody had moved it. It was early in the morning.,,
test-00206-error,"One day, Ben lost a favorite toy. At that moment, Ben seemed happy. Tears ran down the little face. The sun was shining.",happy,"One day, Ben lost a favorite toy. At that moment, Ben seemed sad. Tears ran down the little face. The sun was shining.","One day, Ben lost a favorite toy. At that moment, Ben seemed very sad. Tears ran down the little face. The sun was shining.",,
test-00206-clean,"One day, Ben lost a favorite toy. At that moment, Ben seemed sad. Tears ran down the little face. The sun was shining.",sad,"One day, Ben lost a favorite toy. At that moment, Ben seemed very sad. Tears ran down the little face. The sun was shining.","One day, Ben lost a favorite toy. At that moment, Ben seemed sad. Tears ran down the little face. The sun was shining.",,
test-00207-error,"After lunch, Leo filled a box to the top. At that moment, the box seemed empty. There was no room for anything else. A little bird sang nearby.",empty,"After lunch, Leo filled a box to the top. At that moment, the box seemed empty. There was no room for anything else. A little bird sang nearby.","After lunch, Leo filled a box to the top. At that moment, the box seemed empty. There was no room for anything else. A little bird sang nearby.",,
test-00207-clean,"After lunch, Leo filled a box to the top. At that moment, the box seemed full. There was no room for anything else. A little bird sang nearby.",full,"After lunch, Leo filled a box to the top. At that moment, the box seemed full. There was no room for anything else. A little bird sang nearby.","After lunch, Leo filled a box to the top. At that moment, the box seemed lonely. There was no room for anything else. A little bird sang nearby.",,
test-00208-error,Two children went out together. She found a little ball. It was a quiet day.,She,Two children went out together. They found a little ball. It was a quiet day.,Two children went out together. They found a little ball. It was a quiet day.,,
test-00208-clean,Two children went out together. They found a little ball. It was a quiet day.,They,Two children went out together. They found a little ball. It was a quiet day.,Two children went out together. They found a little ball. It was a quiet day.,,
test-00209-error,"Last week, Zoe play before going home. The sun was shining.",play,"Last week, Zoe had before going home. The sun was shining.","Last week, Zoe went before going home. The sun was shining.",,
test-00209-clean,"Last week, Zoe played before going home. The sun was shining.",played,"Last week, Zoe had before going home. The sun was shining.","Last week, Zoe played before going home. The sun was shining.",,
test-00210-error,"Max chose the black box. Later, Max carried the white box. Its color had not changed. It was early in the morning.",white,"Max chose the black box. Later, Max carried the black box. Its color had not changed. It was early in the morning.","Max chose the black box. Later, Max carried the black box. Its color had not changed. It was early in the morning.",,
test-00210-clean,"Max chose the black box. Later, Max carried the black box. Its color had not changed. It was early in the morning.",black,"Max chose the black box. Later, Max carried the black box. Its color had not changed. It was early in the morning.","Max chose the black box. Later, Max carried the black box. Its color had not changed. It was early in the morning.",,
test-00211-error,Mia placed a shoe behind the bench. That shoe remained beside the bench. Nobody had moved it. It was early in the morning.,beside,Mia placed a shoe behind the bench. That shoe remained on the bench. Nobody had moved it. It was early in the morning.,Mia placed a shoe behind the bench. That shoe remained beside the bench. Nobody had moved it. It was early in the morning.,,
test-00211-clean,Mia placed a shoe behind the bench. That shoe remained behind the bench. Nobody had moved it. It was early in the morning.,behind,Mia placed a shoe behind the bench. That shoe remained behind the bench. Nobody had moved it. It was early in the morning.,Mia placed a shoe behind the bench. That shoe remained on the bench. Nobody had moved it. It was early in the morning.,,
test-00212-error,"One day, Lucy had not eaten all day. At that moment, Lucy seemed full. The empty stomach growled. The sun was shining.",full,"One day, Lucy had not eaten all day. At that moment, Lucy seemed full. The empty stomach growled. The sun was shining.","One day, Lucy had not eaten all day. At that moment, Lucy seemed very sad. The empty stomach growled. The sun was shining.",,
test-00212-clean,"One day, Lucy had not eaten all day. At that moment, Lucy seemed hungry. The empty stomach growled. The sun was shining.",hungry,"One day, Lucy had not eaten all day. At that moment, Lucy seemed very sad. The empty stomach growled. The sun was shining.","One day, Lucy had not eaten all day. At that moment, Lucy seemed hungry. The empty stomach growled. The sun was shining.",,
test-00213-error,"One day, Lily filled a box to the top. At that moment, the box seemed empty. There was no room for anything else.",empty,"One day, Lily filled a box to the top. At that moment, the box seemed happy. There was no room for anything else.","One day, Lily filled a box to the top. At that moment, the box seemed empty. There was no room for anything else.",,
test-00213-clean,"One day, Lily filled a box to the top. At that moment, the box seemed full. There was no room for anything else.",full,"One day, Lily filled a box to the top. At that moment, the box seemed happy. There was no room for anything else.","One day, Lily filled a box to the top. At that moment, the box seemed full. There was no room for anything else.",,
test-00214-error,A girl named Lily came by. He found a little ball.,He,A girl named Lily came by. She found a little ball.,A girl named Lily came by. She found a little ball.,,
test-00214-clean,A girl named Lily came by. She found a little ball.,She,A girl named Lily came by. She found a little ball.,A girl named Lily came by. She found a little ball.,,
test-00215-error,"Each day, Ana eat in the park. A little bird sang nearby.",eat,"Each day, Ana was there in the park. A little bird sang nearby.","Each day, Ana eat in the park. A little bird sang nearby.",,
test-00215-clean,"Each day, Ana eats in the park. A little bird sang nearby.",eats,"Each day, Ana was there in the park. A little bird sang nearby.","Each day, Ana eats in the park. A little bird sang nearby.",,
test-00216-error,"The hat was painted red. Later, Alex carried the white hat. Its color had not changed. A little bird sang nearby.",white,"The hat was painted red. Later, Alex carried the red hat. Its color had not changed. A little bird sang nearby.","The hat was painted red. Later, Alex carried the red hat. Its color had not changed. A little bird sang nearby.",,
test-00216-clean,"The hat was painted red. Later, Alex carried the red hat. Its color had not changed. A little bird sang nearby.",red,"The hat was painted red. Later, Alex carried the red hat. Its color had not changed. A little bird sang nearby.","The hat was painted red. Later, Alex carried the red hat. Its color had not changed. A little bird sang nearby.",,
test-00217-error,Ella placed a toy near the bench. That toy remained under the bench. Nobody had moved it. A little bird sang nearby.,under,Ella placed a toy near the bench. That toy remained under the bench. Nobody had moved it. A little bird sang nearby.,Ella placed a toy near the bench. That toy remained in the bench. Nobody had moved it. A little bird sang nearby.,,
test-00217-clean,Ella placed a toy near the bench. That toy remained near the bench. Nobody had moved it. A little bird sang nearby.,near,Ella placed a toy near the bench. That toy remained in the bench. Nobody had moved it. A little bird sang nearby.,Ella placed a toy near the bench. That toy remained near the bench. Nobody had moved it. A little bird sang nearby.,,
test-00218-error,"One day, Ana won a fun game. At that moment, Ana seemed sad. There was a big smile. It was early in the morning.",sad,"One day, Ana won a fun game. At that moment, Ana seemed very happy. There was a big smile. It was early in the morning.","One day, Ana won a fun game. At that moment, Ana seemed happy. There was a big smile. It was early in the morning.",,
test-00218-clean,"One day, Ana won a fun game. At that moment, Ana seemed happy. There was a big smile. It was early in the morning.",happy,"One day, Ana won a fun game. At that moment, Ana seemed happy. There was a big smile. It was early in the morning.","One day, Ana won a fun game. At that moment, Ana seemed very happy. There was a big smile. It was early in the morning.",,
test-00219-error,"One day, Rose got caught in the rain. At that moment, Rose seemed dry. Water dripped from the coat. It was a quiet day.",dry,"One day, Rose got caught in the rain. At that moment, Rose seemed dry. Water dripped from the coat. It was a quiet day.","One day, Rose got caught in the rain. At that moment, Rose seemed dry. Water dripped from the coat. It was a quiet day.",,
test-00219-clean,"One day, Rose got caught in the rain. At that moment, Rose seemed wet. Water dripped from the coat. It was a quiet day.",wet,"One day, Rose got caught in the rain. At that moment, Rose seemed wet. Water dripped from the coat. It was a quiet day.","One day, Rose got caught in the rain. At that moment, Rose seemed wet. Water dripped from the coat. It was a quiet day.",,
test-00220-error,"Lucy, a boy, went out. She found a little ball. It was a quiet day.",She,"Lucy, a boy, went out. He found a little ball. It was a quiet day.","Lucy, a boy, went out. She found a little ball. It was a quiet day.",,
test-00220-clean,"Lucy, a boy, went out. He found a little ball. It was a quiet day.",He,"Lucy, a boy, went out. He found a little ball. It was a quiet day.","Lucy, a boy, went out. She found a little ball. It was a quiet day.",,
test-00221-error,Those birds was very tired.,was,Those birds were very tired.,Those birds were very tired.,,
test-00221-clean,Those birds were very tired.,were,Those birds were very tired.,Those birds were very tired.,,
test-00222-error,"Nora chose the blue kite. Later, Nora carried the purple kite. Its color had not changed. A friend was waiting.",purple,"Nora chose the blue kite. Later, Nora carried the blue kite. Its color had not changed. A friend was waiting.","Nora chose the blue kite. Later, Nora carried the blue kite. Its color had not changed. A friend was waiting.",,
test-00222-clean,"Nora chose the blue kite. Later, Nora carried the blue kite. Its color had not changed. A friend was waiting.",blue,"Nora chose the blue kite. Later, Nora carried the blue kite. Its color had not changed. A friend was waiting.","Nora chose the blue kite. Later, Nora carried the blue kite. Its color had not changed. A friend was waiting.",,
test-00223-error,The toy lay near the bed. That toy remained above the bed. Nobody had moved it. A little bird sang nearby.,above,The toy lay near the bed. That toy remained on the bed. Nobody had moved it. A little bird sang nearby.,The toy lay near the bed. That toy remained above the bed. Nobody had moved it. A little bird sang nearby.,,
test-00223-clean,The toy lay near the bed. That toy remained near the bed. Nobody had moved it. A little bird sang nearby.,near,The toy lay near the bed. That toy remained near the bed. Nobody had moved it. A little bird sang nearby.,The toy lay near the bed. That toy remained on the bed. Nobody had moved it. A little bird sang nearby.,,
test-00224-error,"One day, Lucy played all day without resting. At that moment, Lucy seemed awake. It was time to rest. A little bird sang nearby.",awake,"One day, Lucy played all day without resting. At that moment, Lucy seemed very happy. It was time to rest. A little bird sang nearby.","One day, Lucy played all day without resting. At that moment, Lucy seemed awake. It was time to rest. A little bird sang nearby.",,
test-00224-clean,"One day, Lucy played all day without resting. At that moment, Lucy seemed tired. It was time to rest. A little bird sang nearby.",tired,"One day, Lucy played all day without resting. At that moment, Lucy seemed very happy. It was time to rest. A little bird sang nearby.","One day, Lucy played all day without resting. At that moment, Lucy seemed tired. It was time to rest. A little bird sang nearby.",,
test-00225-error,"One day, Lucy turned off the only lamp. At that moment, the room seemed bright. There was no light in the room.",bright,"One day, Lucy turned off the only lamp. At that moment, the room seemed very. There was no light in the room.","One day, Lucy turned off the only lamp. At that moment, the room seemed left. There was no light in the room.",,
test-00225-clean,"One day, Lucy turned off the only lamp. At that moment, the room seemed dark. There was no light in the room.",dark,"One day, Lucy turned off the only lamp. At that moment, the room seemed dark. There was no light in the room.","One day, Lucy turned off the only lamp. At that moment, the room seemed dark. There was no light in the room.",,
test-00226-error,A girl named Max came by. He found a little ball. It was a quiet day.,He,A girl named Max came by. She found a little ball. It was a quiet day.,A girl named Max came by. She found a little ball. It was a quiet day.,,
test-00226-clean,A girl named Max came by. She found a little ball. It was a quiet day.,She,A girl named Max came by. She found a little ball. It was a quiet day.,A girl named Max came by. She found a little ball. It was a quiet day.,,
test-00227-error,Ella found a umbrella for a friend.,a,Ella found a umbrella for a friend.,Ella found a umbrella for a friend.,,
test-00227-clean,Ella found an umbrella for a friend.,an,Ella found an umbrella for a friend.,Ella found an umbrella for a friend.,,
test-00228-error,"Rose chose the yellow hat. Later, Rose carried the pink hat. Its color had not changed. The sun was shining.",pink,"Rose chose the yellow hat. Later, Rose carried the yellow hat. Its color had not changed. The sun was shining.","Rose chose the yellow hat. Later, Rose carried the yellow hat. Its color had not changed. The sun was shining.",,
test-00228-clean,"Rose chose the yellow hat. Later, Rose carried the yellow hat. Its color had not changed. The sun was shining.",yellow,"Rose chose the yellow hat. Later, Rose carried the yellow hat. Its color had not changed. The sun was shining.","Rose chose the yellow hat. Later, Rose carried the yellow hat. Its color had not changed. The sun was shining.",,
test-00229-error,The ball lay near the tree. That ball remained under the tree. Nobody had moved it. It was a quiet day.,under,The ball lay near the tree. That ball remained in the tree. Nobody had moved it. It was a quiet day.,The ball lay near the tree. That ball remained under the tree. Nobody had moved it. It was a quiet day.,,
test-00229-clean,The ball lay near the tree. That ball remained near the tree. Nobody had moved it. It was a quiet day.,near,The ball lay near the tree. That ball remained near the tree. Nobody had moved it. It was a quiet day.,The ball lay near the tree. That ball remained in the tree. Nobody had moved it. It was a quiet day.,,
test-00230-error,"After lunch, Ella lost a favorite toy. At that moment, Ella seemed happy. Tears ran down the little face. It was early in the morning.",happy,"After lunch, Ella lost a favorite toy. At that moment, Ella seemed very sad. Tears ran down the little face. It was early in the morning.","After lunch, Ella lost a favorite toy. At that moment, Ella seemed very sad. Tears ran down the little face. It was early in the morning.",,
test-00230-clean,"After lunch, Ella lost a favorite toy. At that moment, Ella seemed sad. Tears ran down the little face. It was early in the morning.",sad,"After lunch, Ella lost a favorite toy. At that moment, Ella seemed very sad. Tears ran down the little face. It was early in the morning.","After lunch, Ella lost a favorite toy. At that moment, Ella seemed sad. Tears ran down the little face. It was early in the morning.",,
test-00231-error,"After lunch, Zoe emptied a box completely. At that moment, the box seemed full. There was nothing left inside. It was a quiet day.",full,"After lunch, Zoe emptied a box completely. At that moment, the box seemed empty. There was nothing left inside. It was a quiet day.","After lunch, Zoe emptied a box completely. At that moment, the box seemed so. There was nothing left inside. It was a quiet day.",,
test-00231-clean,"After lunch, Zoe emptied a box completely. At that moment, the box seemed empty. There was nothing left inside. It was a quiet day.",empty,"After lunch, Zoe emptied a box completely. At that moment, the box seemed empty. There was nothing left inside. It was a quiet day.","After lunch, Zoe emptied a box completely. At that moment, the box seemed empty. There was nothing left inside. It was a quiet day.",,
test-00232-error,Sam and two friends came by. She found a little ball.,She,Sam and two friends came by. They found a little ball.,Sam and two friends came by. They both found a little ball.,,
test-00232-clean,Sam and two friends came by. They found a little ball.,They,Sam and two friends came by. They found a little ball.,Sam and two friends came by. They both found a little ball.,,
test-00233-error,All three children was very tired. A little bird sang nearby.,was,All three children were very tired. A little bird sang nearby.,All three children were very tired. A little bird sang nearby.,,
test-00233-clean,All three children were very tired. A little bird sang nearby.,were,All three children were very tired. A little bird sang nearby.,All three children were very tired. A little bird sang nearby.,,
test-00234-error,"The bag was painted black. Later, Zoe carried the red bag. Its color had not changed. It was a quiet day.",red,"The bag was painted black. Later, Zoe carried the black bag. Its color had not changed. It was a quiet day.","The bag was painted black. Later, Zoe carried the brown bag. Its color had not changed. It was a quiet day.",,
test-00234-clean,"The bag was painted black. Later, Zoe carried the black bag. Its color had not changed. It was a quiet day.",black,"The bag was painted black. Later, Zoe carried the black bag. Its color had not changed. It was a quiet day.","The bag was painted black. Later, Zoe carried the brown bag. Its color had not changed. It was a quiet day.",,
test-00235-error,The bag lay beside the table. That bag remained above the table. Nobody had moved it. A little bird sang nearby.,above,The bag lay beside the table. That bag remained above the table. Nobody had moved it. A little bird sang nearby.,The bag lay beside the table. That bag remained on the table. Nobody had moved it. A little bird sang nearby.,,
test-00235-clean,The bag lay beside the table. That bag remained beside the table. Nobody had moved it. A little bird sang nearby.,beside,The bag lay beside the table. That bag remained beside the table. Nobody had moved it. A little bird sang nearby.,The bag lay beside the table. That bag remained on the table. Nobody had moved it. A little bird sang nearby.,,
test-00236-error,"After lunch, Finn heard a scary noise. At that moment, Finn seemed calm. Both hands shook with fear. It was a quiet day.",calm,"After lunch, Finn heard a scary noise. At that moment, Finn seemed scared. Both hands shook with fear. It was a quiet day.","After lunch, Finn heard a scary noise. At that moment, Finn seemed scared scared. Both hands shook with fear. It was a quiet day.",,
test-00236-clean,"After lunch, Finn heard a scary noise. At that moment, Finn seemed scared. Both hands shook with fear. It was a quiet day.",scared,"After lunch, Finn heard a scary noise. At that moment, Finn seemed scared. Both hands shook with fear. It was a quiet day.","After lunch, Finn heard a scary noise. At that moment, Finn seemed scared. Both hands shook with fear. It was a quiet day.",,
test-00237-error,"One day, Max emptied a box completely. At that moment, the box seemed full. There was nothing left inside. A friend was waiting.",full,"One day, Max emptied a box completely. At that moment, the box seemed very uncomfortable. There was nothing left inside. A friend was waiting.","One day, Max emptied a box completely. At that moment, the box seemed very. There was nothing left inside. A friend was waiting.",,
test-00237-clean,"One day, Max emptied a box completely. At that moment, the box seemed empty. There was nothing left inside. A friend was waiting.",empty,"One day, Max emptied a box completely. At that moment, the box seemed empty. There was nothing left inside. A friend was waiting.","One day, Max emptied a box completely. At that moment, the box seemed empty. There was nothing left inside. A friend was waiting.",,
test-00238-error,Ella and two friends came by. She found a little ball. It was a quiet day.,She,Ella and two friends came by. They found a little ball. It was a quiet day.,Ella and two friends came by. They found a little ball. It was a quiet day.,,
test-00238-clean,Ella and two friends came by. They found a little ball. It was a quiet day.,They,Ella and two friends came by. They found a little ball. It was a quiet day.,Ella and two friends came by. They found a little ball. It was a quiet day.,,
test-00239-error,"Every afternoon, Zoe play in the park.",play,"Every afternoon, Zoe play in the park.","Every afternoon, Zoe would play in the park.",,
test-00239-clean,"Every afternoon, Zoe plays in the park.",plays,"Every afternoon, Zoe would play in the park.","Every afternoon, Zoe plays in the park.",,
test-00240-error,"Max chose the green hat. Later, Max carried the yellow hat. Its color had not changed. The sun was shining.",yellow,"Max chose the green hat. Later, Max carried the green hat. Its color had not changed. The sun was shining.","Max chose the green hat. Later, Max carried the green hat. Its color had not changed. The sun was shining.",,
test-00240-clean,"Max chose the green hat. Later, Max carried the green hat. Its color had not changed. The sun was shining.",green,"Max chose the green hat. Later, Max carried the green hat. Its color had not changed. The sun was shining.","Max chose the green hat. Later, Max carried the green hat. Its color had not changed. The sun was shining.",,
test-00241-error,The bag lay near the chair. That bag remained under the chair. Nobody had moved it.,under,The bag lay near the chair. That bag remained near the chair. Nobody had moved it.,The bag lay near the chair. That bag remained on the chair. Nobody had moved it.,,
test-00241-clean,The bag lay near the chair. That bag remained near the chair. Nobody had moved it.,near,The bag lay near the chair. That bag remained on the chair. Nobody had moved it.,The bag lay near the chair. That bag remained near the chair. Nobody had moved it.,,
test-00242-error,"After lunch, Ben played all day without resting. At that moment, Ben seemed awake. It was time to rest.",awake,"After lunch, Ben played all day without resting. At that moment, Ben seemed very tired. It was time to rest.","After lunch, Ben played all day without resting. At that moment, Ben seemed tired. It was time to rest.",,
test-00242-clean,"After lunch, Ben played all day without resting. At that moment, Ben seemed tired. It was time to rest.",tired,"After lunch, Ben played all day without resting. At that moment, Ben seemed tired. It was time to rest.","After lunch, Ben played all day without resting. At that moment, Ben seemed very tired. It was time to rest.",,
test-00243-error,"One day, Alex turned off the only lamp. At that moment, the room seemed bright. There was no light in the room. A friend was waiting.",bright,"One day, Alex turned off the only lamp. At that moment, the room seemed empty. There was no light in the room. A friend was waiting.","One day, Alex turned off the only lamp. At that moment, the room seemed very. There was no light in the room. A friend was waiting.",,
test-00243-clean,"One day, Alex turned off the only lamp. At that moment, the room seemed dark. There was no light in the room. A friend was waiting.",dark,"One day, Alex turned off the only lamp. At that moment, the room seemed dark. There was no light in the room. A friend was waiting.","One day, Alex turned off the only lamp. At that moment, the room seemed empty. There was no light in the room. A friend was waiting.",,
test-00244-error,"Tom, a boy, went out. She found a little ball. It was early in the morning.",She,"Tom, a boy, went out. He found a little ball. It was early in the morning.","Tom, a boy, went out. He found a little ball. It was early in the morning.",,
test-00244-clean,"Tom, a boy, went out. He found a little ball. It was early in the morning.",He,"Tom, a boy, went out. He found a little ball. It was early in the morning.","Tom, a boy, went out. He found a little ball. It was early in the morning.",,
test-00245-error,"Last week, Ella see before going home. A friend was waiting.",see,"Last week, Ella knew before going home. A friend was waiting.","Last week, Ella see before going home. A friend was waiting.",,
test-00245-clean,"Last week, Ella saw before going home. A friend was waiting.",saw,"Last week, Ella saw before going home. A friend was waiting.","Last week, Ella saw before going home. A friend was waiting.",,
test-00246-error,"The ball was painted green. Later, Mia carried the white ball. Its color had not changed. The sun was shining.",white,"The ball was painted green. Later, Mia carried the yellow ball. Its color had not changed. The sun was shining.","The ball was painted green. Later, Mia carried the white ball. Its color had not changed. The sun was shining.",,
test-00246-clean,"The ball was painted green. Later, Mia carried the green ball. Its color had not changed. The sun was shining.",green,"The ball was painted green. Later, Mia carried the green ball. Its color had not changed. The sun was shining.","The ball was painted green. Later, Mia carried the green ball. Its color had not changed. The sun was shining.",,
test-00247-error,The toy lay under the bench. That toy remained beside the bench. Nobody had moved it. A friend was waiting.,beside,The toy lay under the bench. That toy remained on the bench. Nobody had moved it. A friend was waiting.,The toy lay under the bench. That toy remained beside the bench. Nobody had moved it. A friend was waiting.,,
test-00247-clean,The toy lay under the bench. That toy remained under the bench. Nobody had moved it. A friend was waiting.,under,The toy lay under the bench. That toy remained on the bench. Nobody had moved it. A friend was waiting.,The toy lay under the bench. That toy remained under the bench. Nobody had moved it. A friend was waiting.,,
test-00248-error,"After lunch, Ben had not eaten all day. At that moment, Ben seemed full. The empty stomach growled. A little bird sang nearby.",full,"After lunch, Ben had not eaten all day. At that moment, Ben seemed very sad. The empty stomach growled. A little bird sang nearby.","After lunch, Ben had not eaten all day. At that moment, Ben seemed hungry. The empty stomach growled. A little bird sang nearby.",,
test-00248-clean,"After lunch, Ben had not eaten all day. At that moment, Ben seemed hungry. The empty stomach growled. A little bird sang nearby.",hungry,"After lunch, Ben had not eaten all day. At that moment, Ben seemed very sad. The empty stomach growled. A little bird sang nearby.","After lunch, Ben had not eaten all day. At that moment, Ben seemed hungry. The empty stomach growled. A little bird sang nearby.",,
test-00249-error,"After lunch, Alex turned off the only lamp. At that moment, the room seemed bright. There was no light in the room. A little bird sang nearby.",bright,"After lunch, Alex turned off the only lamp. At that moment, the room seemed bright. There was no light in the room. A little bird sang nearby.","After lunch, Alex turned off the only lamp. At that moment, the room seemed to be. There was no light in the room. A little bird sang nearby.",,
test-00249-clean,"After lunch, Alex turned off the only lamp. At that moment, the room seemed dark. There was no light in the room. A little bird sang nearby.",dark,"After lunch, Alex turned off the only lamp. At that moment, the room seemed dark. There was no light in the room. A little bird sang nearby.","After lunch, Alex turned off the only lamp. At that moment, the room seemed dark. There was no light in the room. A little bird sang nearby.",,
test-00250-error,Leo and two friends came by. She found a little ball. A friend was waiting.,She,Leo and two friends came by. They found a little ball. A friend was waiting.,Leo and two friends came by. They found a little ball. A friend was waiting.,,
test-00250-clean,Leo and two friends came by. They found a little ball. A friend was waiting.,They,Leo and two friends came by. They found a little ball. A friend was waiting.,Leo and two friends came by. They found a little ball. A friend was waiting.,,
test-00251-error,"Each day, Mia go in the park. The sun was shining.",go,"Each day, Mia was playing in the park. The sun was shining.","Each day, Mia go in the park. The sun was shining.",,
test-00251-clean,"Each day, Mia goes in the park. The sun was shining.",goes,"Each day, Mia was playing in the park. The sun was shining.","Each day, Mia goes in the park. The sun was shining.",,
test-00252-error,"The coat was painted red. Later, Ella carried the pink coat. Its color had not changed. It was early in the morning.",pink,"The coat was painted red. Later, Ella carried the blue coat. Its color had not changed. It was early in the morning.","The coat was painted red. Later, Ella carried the pink coat. Its color had not changed. It was early in the morning.",,
test-00252-clean,"The coat was painted red. Later, Ella carried the red coat. Its color had not changed. It was early in the morning.",red,"The coat was painted red. Later, Ella carried the blue coat. Its color had not changed. It was early in the morning.","The coat was painted red. Later, Ella carried the red coat. Its color had not changed. It was early in the morning.",,
test-00253-error,Nora placed a bag behind the bench. That bag remained near the bench. Nobody had moved it.,near,Nora placed a bag behind the bench. That bag remained behind the bench. Nobody had moved it.,Nora placed a bag behind the bench. That bag remained on the bench. Nobody had moved it.,,
test-00253-clean,Nora placed a bag behind the bench. That bag remained behind the bench. Nobody had moved it.,behind,Nora placed a bag behind the bench. That bag remained on the bench. Nobody had moved it.,Nora placed a bag behind the bench. That bag remained behind the bench. Nobody had moved it.,,
test-00254-error,"After lunch, Leo had not eaten all day. At that moment, Leo seemed full. The empty stomach growled. It was a quiet day.",full,"After lunch, Leo had not eaten all day. At that moment, Leo seemed sad. The empty stomach growled. It was a quiet day.","After lunch, Leo had not eaten all day. At that moment, Leo seemed full. The empty stomach growled. It was a quiet day.",,
test-00254-clean,"After lunch, Leo had not eaten all day. At that moment, Leo seemed hungry. The empty stomach growled. It was a quiet day.",hungry,"After lunch, Leo had not eaten all day. At that moment, Leo seemed hungry. The empty stomach growled. It was a quiet day.","After lunch, Leo had not eaten all day. At that moment, Leo seemed sad. The empty stomach growled. It was a quiet day.",,
test-00255-error,"One day, Max filled a box to the top. At that moment, the box seemed empty. There was no room for anything else. It was a quiet day.",empty,"One day, Max filled a box to the top. At that moment, the box seemed very. There was no room for anything else. It was a quiet day.","One day, Max filled a box to the top. At that moment, the box seemed very empty. There was no room for anything else. It was a quiet day.",,
test-00255-clean,"One day, Max filled a box to the top. At that moment, the box seemed full. There was no room for anything else. It was a quiet day.",full,"One day, Max filled a box to the top. At that moment, the box seemed very empty. There was no room for anything else. It was a quiet day.","One day, Max filled a box to the top. At that moment, the box seemed full. There was no room for anything else. It was a quiet day.",,
test-00256-error,Two children went out together. She found a little ball.,She,Two children went out together. They found a little ball.,Two children went out together. They found a little ball.,,
test-00256-clean,Two children went out together. They found a little ball.,They,Two children went out together. They found a little ball.,Two children went out together. They found a little ball.,,
test-00257-error,"Each day, Nora go in the park.",go,"Each day, Nora was in the park.","Each day, Nora go in the park.",,
test-00257-clean,"Each day, Nora goes in the park.",goes,"Each day, Nora goes in the park.","Each day, Nora was in the park.",,
test-00258-error,"Rose chose the yellow shirt. Later, Rose carried the pink shirt. Its color had not changed.",pink,"Rose chose the yellow shirt. Later, Rose carried the yellow shirt. Its color had not changed.","Rose chose the yellow shirt. Later, Rose carried the blue shirt. Its color had not changed.",,
test-00258-clean,"Rose chose the yellow shirt. Later, Rose carried the yellow shirt. Its color had not changed.",yellow,"Rose chose the yellow shirt. Later, Rose carried the blue shirt. Its color had not changed.","Rose chose the yellow shirt. Later, Rose carried the yellow shirt. Its color had not changed.",,
test-00259-error,Rose placed a ball behind the chair. That ball remained near the chair. Nobody had moved it. The sun was shining.,near,Rose placed a ball behind the chair. That ball remained in the chair. Nobody had moved it. The sun was shining.,Rose placed a ball behind the chair. That ball remained near the chair. Nobody had moved it. The sun was shining.,,
test-00259-clean,Rose placed a ball behind the chair. That ball remained behind the chair. Nobody had moved it. The sun was shining.,behind,Rose placed a ball behind the chair. That ball remained behind the chair. Nobody had moved it. The sun was shining.,Rose placed a ball behind the chair. That ball remained in the chair. Nobody had moved it. The sun was shining.,,
test-00260-error,"After lunch, Sam played all day without resting. At that moment, Sam seemed awake. It was time to rest.",awake,"After lunch, Sam played all day without resting. At that moment, Sam seemed awake. It was time to rest.","After lunch, Sam played all day without resting. At that moment, Sam seemed happy. It was time to rest.",,
test-00260-clean,"After lunch, Sam played all day without resting. At that moment, Sam seemed tired. It was time to rest.",tired,"After lunch, Sam played all day without resting. At that moment, Sam seemed happy. It was time to rest.","After lunch, Sam played all day without resting. At that moment, Sam seemed tired. It was time to rest.",,
test-00261-error,"After lunch, Alex filled a box to the top. At that moment, the box seemed empty. There was no room for anything else. A friend was waiting.",empty,"After lunch, Alex filled a box to the top. At that moment, the box seemed empty. There was no room for anything else. A friend was waiting.","After lunch, Alex filled a box to the top. At that moment, the box seemed to empty. There was no room for anything else. A friend was waiting.",,
test-00261-clean,"After lunch, Alex filled a box to the top. At that moment, the box seemed full. There was no room for anything else. A friend was waiting.",full,"After lunch, Alex filled a box to the top. At that moment, the box seemed to empty. There was no room for anything else. A friend was waiting.","After lunch, Alex filled a box to the top. At that moment, the box seemed full. There was no room for anything else. A friend was waiting.",,
test-00262-error,"Ana, a boy, went out. She found a little ball. It was a quiet day.",She,"Ana, a boy, went out. He found a little ball. It was a quiet day.","Ana, a boy, went out. He found a little ball. It was a quiet day.",,
test-00262-clean,"Ana, a boy, went out. He found a little ball. It was a quiet day.",He,"Ana, a boy, went out. He found a little ball. It was a quiet day.","Ana, a boy, went out. He found a little ball. It was a quiet day.",,
test-00263-error,"Last night, Lily go before going home. The sun was shining.",go,"Last night, Lily go before going home. The sun was shining.","Last night, Lily had before going home. The sun was shining.",,
test-00263-clean,"Last night, Lily went before going home. The sun was shining.",went,"Last night, Lily went before going home. The sun was shining.","Last night, Lily had before going home. The sun was shining.",,
test-00264-error,"Jack chose the white box. Later, Jack carried the yellow box. Its color had not changed.",yellow,"Jack chose the white box. Later, Jack carried the white box. Its color had not changed.","Jack chose the white box. Later, Jack carried the white box. Its color had not changed.",,
test-00264-clean,"Jack chose the white box. Later, Jack carried the white box. Its color had not changed.",white,"Jack chose the white box. Later, Jack carried the white box. Its color had not changed.","Jack chose the white box. Later, Jack carried the white box. Its color had not changed.",,
test-00265-error,The bag lay under the bed. That bag remained near the bed. Nobody had moved it. A little bird sang nearby.,near,The bag lay under the bed. That bag remained on the bed. Nobody had moved it. A little bird sang nearby.,The bag lay under the bed. That bag remained near the bed. Nobody had moved it. A little bird sang nearby.,,
test-00265-clean,The bag lay under the bed. That bag remained under the bed. Nobody had moved it. A little bird sang nearby.,under,The bag lay under the bed. That bag remained under the bed. Nobody had moved it. A little bird sang nearby.,The bag lay under the bed. That bag remained on the bed. Nobody had moved it. A little bird sang nearby.,,
test-00266-error,"After lunch, Nora had not eaten all day. At that moment, Nora seemed full. The empty stomach growled. A little bird sang nearby.",full,"After lunch, Nora had not eaten all day. At that moment, Nora seemed sad. The empty stomach growled. A little bird sang nearby.","After lunch, Nora had not eaten all day. At that moment, Nora seemed full. The empty stomach growled. A little bird sang nearby.",,
test-00266-clean,"After lunch, Nora had not eaten all day. At that moment, Nora seemed hungry. The empty stomach growled. A little bird sang nearby.",hungry,"After lunch, Nora had not eaten all day. At that moment, Nora seemed hungry. The empty stomach growled. A little bird sang nearby.","After lunch, Nora had not eaten all day. At that moment, Nora seemed sad. The empty stomach growled. A little bird sang nearby.",,
test-00267-error,"After lunch, Lucy emptied a box completely. At that moment, the box seemed full. There was nothing left inside. It was a quiet day.",full,"After lunch, Lucy emptied a box completely. At that moment, the box seemed lonely. There was nothing left inside. It was a quiet day.","After lunch, Lucy emptied a box completely. At that moment, the box seemed very. There was nothing left inside. It was a quiet day.",,
test-00267-clean,"After lunch, Lucy emptied a box completely. At that moment, the box seemed empty. There was nothing left inside. It was a quiet day.",empty,"After lunch, Lucy emptied a box completely. At that moment, the box seemed empty. There was nothing left inside. It was a quiet day.","After lunch, Lucy emptied a box completely. At that moment, the box seemed empty. There was nothing left inside. It was a quiet day.",,
test-00268-error,Ella and two friends came by. She found a little ball.,She,Ella and two friends came by. They had found a little ball.,Ella and two friends came by. They found a little ball.,,
test-00268-clean,Ella and two friends came by. They found a little ball.,They,Ella and two friends came by. They found a little ball.,Ella and two friends came by. They had found a little ball.,,
test-00269-error,"Last week, Leo run before going home. A little bird sang nearby.",run,"Last week, Leo run before going home. A little bird sang nearby.","Last week, Leo had before going home. A little bird sang nearby.",,
test-00269-clean,"Last week, Leo ran before going home. A little bird sang nearby.",ran,"Last week, Leo ran before going home. A little bird sang nearby.","Last week, Leo had before going home. A little bird sang nearby.",,
test-00270-error,"Leo chose the purple kite. Later, Leo carried the yellow kite. Its color had not changed.",yellow,"Leo chose the purple kite. Later, Leo carried the purple kite. Its color had not changed.","Leo chose the purple kite. Later, Leo carried the purple kite. Its color had not changed.",,
test-00270-clean,"Leo chose the purple kite. Later, Leo carried the purple kite. Its color had not changed.",purple,"Leo chose the purple kite. Later, Leo carried the purple kite. Its color had not changed.","Leo chose the purple kite. Later, Leo carried the purple kite. Its color had not changed.",,
test-00271-error,The box lay under the desk. That box remained near the desk. Nobody had moved it. It was a quiet day.,near,The box lay under the desk. That box remained under the desk. Nobody had moved it. It was a quiet day.,The box lay under the desk. That box remained under the desk. Nobody had moved it. It was a quiet day.,,
test-00271-clean,The box lay under the desk. That box remained under the desk. Nobody had moved it. It was a quiet day.,under,The box lay under the desk. That box remained under the desk. Nobody had moved it. It was a quiet day.,The box lay under the desk. That box remained under the desk. Nobody had moved it. It was a quiet day.,,
test-00272-error,"One day, Rose won a fun game. At that moment, Rose seemed sad. There was a big smile. A little bird sang nearby.",sad,"One day, Rose won a fun game. At that moment, Rose seemed happy. There was a big smile. A little bird sang nearby.","One day, Rose won a fun game. At that moment, Rose seemed so happy. There was a big smile. A little bird sang nearby.",,
test-00272-clean,"One day, Rose won a fun game. At that moment, Rose seemed happy. There was a big smile. A little bird sang nearby.",happy,"One day, Rose won a fun game. At that moment, Rose seemed so happy. There was a big smile. A little bird sang nearby.","One day, Rose won a fun game. At that moment, Rose seemed happy. There was a big smile. A little bird sang nearby.",,
test-00273-error,"One day, Ben filled a box to the top. At that moment, the box seemed empty. There was no room for anything else. A little bird sang nearby.",empty,"One day, Ben filled a box to the top. At that moment, the box seemed empty. There was no room for anything else. A little bird sang nearby.","One day, Ben filled a box to the top. At that moment, the box seemed to empty. There was no room for anything else. A little bird sang nearby.",,
test-00273-clean,"One day, Ben filled a box to the top. At that moment, the box seemed full. There was no room for anything else. A little bird sang nearby.",full,"One day, Ben filled a box to the top. At that moment, the box seemed to empty. There was no room for anything else. A little bird sang nearby.","One day, Ben filled a box to the top. At that moment, the box seemed full. There was no room for anything else. A little bird sang nearby.",,
test-00274-error,A boy named Alex came by. She found a little ball. A little bird sang nearby.,She,A boy named Alex came by. He found a little ball. A little bird sang nearby.,A boy named Alex came by. He had found a little ball. A little bird sang nearby.,,
test-00274-clean,A boy named Alex came by. He found a little ball. A little bird sang nearby.,He,A boy named Alex came by. He found a little ball. A little bird sang nearby.,A boy named Alex came by. He had found a little ball. A little bird sang nearby.,,
test-00275-error,"Each day, Tom go in the park. It was early in the morning.",go,"Each day, Tom ran in the park. It was early in the morning.","Each day, Tom went in the park. It was early in the morning.",,
test-00275-clean,"Each day, Tom goes in the park. It was early in the morning.",goes,"Each day, Tom went in the park. It was early in the morning.","Each day, Tom goes in the park. It was early in the morning.",,
test-00276-error,"Ben chose the blue shirt. Later, Ben carried the purple shirt. Its color had not changed. It was a quiet day.",purple,"Ben chose the blue shirt. Later, Ben carried the blue shirt. Its color had not changed. It was a quiet day.","Ben chose the blue shirt. Later, Ben carried the blue shirt. Its color had not changed. It was a quiet day.",,
test-00276-clean,"Ben chose the blue shirt. Later, Ben carried the blue shirt. Its color had not changed. It was a quiet day.",blue,"Ben chose the blue shirt. Later, Ben carried the blue shirt. Its color had not changed. It was a quiet day.","Ben chose the blue shirt. Later, Ben carried the blue shirt. Its color had not changed. It was a quiet day.",,
test-00277-error,Mia placed a bag near the bed. That bag remained behind the bed. Nobody had moved it. The sun was shining.,behind,Mia placed a bag near the bed. That bag remained on the bed. Nobody had moved it. The sun was shining.,Mia placed a bag near the bed. That bag remained behind the bed. Nobody had moved it. The sun was shining.,,
test-00277-clean,Mia placed a bag near the bed. That bag remained near the bed. Nobody had moved it. The sun was shining.,near,Mia placed a bag near the bed. That bag remained near the bed. Nobody had moved it. The sun was shining.,Mia placed a bag near the bed. That bag remained on the bed. Nobody had moved it. The sun was shining.,,
test-00278-error,"One day, Finn heard a scary noise. At that moment, Finn seemed calm. Both hands shook with fear.",calm,"One day, Finn heard a scary noise. At that moment, Finn seemed very scared. Both hands shook with fear.","One day, Finn heard a scary noise. At that moment, Finn seemed very scared. Both hands shook with fear.",,
test-00278-clean,"One day, Finn heard a scary noise. At that moment, Finn seemed scared. Both hands shook with fear.",scared,"One day, Finn heard a scary noise. At that moment, Finn seemed very scared. Both hands shook with fear.","One day, Finn heard a scary noise. At that moment, Finn seemed scared. Both hands shook with fear.",,
test-00279-error,"One day, Leo turned off the only lamp. At that moment, the room seemed bright. There was no light in the room. It was early in the morning.",bright,"One day, Leo turned off the only lamp. At that moment, the room seemed so dark. There was no light in the room. It was early in the morning.","One day, Leo turned off the only lamp. At that moment, the room seemed so dark. There was no light in the room. It was early in the morning.",,
test-00279-clean,"One day, Leo turned off the only lamp. At that moment, the room seemed dark. There was no light in the room. It was early in the morning.",dark,"One day, Leo turned off the only lamp. At that moment, the room seemed dark. There was no light in the room. It was early in the morning.","One day, Leo turned off the only lamp. At that moment, the room seemed so dark. There was no light in the room. It was early in the morning.",,
test-00280-error,Leo and two friends came by. She found a little ball. It was early in the morning.,She,Leo and two friends came by. They found a little ball. It was early in the morning.,Leo and two friends came by. They had found a little ball. It was early in the morning.,,
test-00280-clean,Leo and two friends came by. They found a little ball. It was early in the morning.,They,Leo and two friends came by. They had found a little ball. It was early in the morning.,Leo and two friends came by. They found a little ball. It was early in the morning.,,
test-00281-error,Finn drew a apple for a friend. The sun was shining.,a,Finn drew a big apple for a friend. The sun was shining.,Finn drew a apple for a friend. The sun was shining.,,
test-00281-clean,Finn drew an apple for a friend. The sun was shining.,an,Finn drew a big apple for a friend. The sun was shining.,Finn drew an apple for a friend. The sun was shining.,,
test-00282-error,"The hat was painted black. Later, Tom carried the pink hat. Its color had not changed. It was early in the morning.",pink,"The hat was painted black. Later, Tom carried the red hat. Its color had not changed. It was early in the morning.","The hat was painted black. Later, Tom carried the pink hat. Its color had not changed. It was early in the morning.",,
test-00282-clean,"The hat was painted black. Later, Tom carried the black hat. Its color had not changed. It was early in the morning.",black,"The hat was painted black. Later, Tom carried the black hat. Its color had not changed. It was early in the morning.","The hat was painted black. Later, Tom carried the red hat. Its color had not changed. It was early in the morning.",,
test-00283-error,The bag lay beside the bed. That bag remained under the bed. Nobody had moved it. A friend was waiting.,under,The bag lay beside the bed. That bag remained under the bed. Nobody had moved it. A friend was waiting.,The bag lay beside the bed. That bag remained on the bed. Nobody had moved it. A friend was waiting.,,
test-00283-clean,The bag lay beside the bed. That bag remained beside the bed. Nobody had moved it. A friend was waiting.,beside,The bag lay beside the bed. That bag remained beside the bed. Nobody had moved it. A friend was waiting.,The bag lay beside the bed. That bag remained on the bed. Nobody had moved it. A friend was waiting.,,
test-00284-error,"After lunch, Rose played all day without resting. At that moment, Rose seemed awake. It was time to rest. It was early in the morning.",awake,"After lunch, Rose played all day without resting. At that moment, Rose seemed very happy. It was time to rest. It was early in the morning.","After lunch, Rose played all day without resting. At that moment, Rose seemed awake. It was time to rest. It was early in the morning.",,
test-00284-clean,"After lunch, Rose played all day without resting. At that moment, Rose seemed tired. It was time to rest. It was early in the morning.",tired,"After lunch, Rose played all day without resting. At that moment, Rose seemed tired. It was time to rest. It was early in the morning.","After lunch, Rose played all day without resting. At that moment, Rose seemed very happy. It was time to rest. It was early in the morning.",,
test-00285-error,"After lunch, Rose emptied a box completely. At that moment, the box seemed full. There was nothing left inside.",full,"After lunch, Rose emptied a box completely. At that moment, the box seemed different. There was nothing left inside.","After lunch, Rose emptied a box completely. At that moment, the box seemed to be. There was nothing left inside.",,
test-00285-clean,"After lunch, Rose emptied a box completely. At that moment, the box seemed empty. There was nothing left inside.",empty,"After lunch, Rose emptied a box completely. At that moment, the box seemed different. There was nothing left inside.","After lunch, Rose emptied a box completely. At that moment, the box seemed empty. There was nothing left inside.",,
test-00286-error,A girl named Alex came by. He found a little ball.,He,A girl named Alex came by. She found a little ball.,A girl named Alex came by. She found a little ball.,,
test-00286-clean,A girl named Alex came by. She found a little ball.,She,A girl named Alex came by. She found a little ball.,A girl named Alex came by. She found a little ball.,,
test-00287-error,Those puppies was very tired.,was,Those puppies were very tired.,Those puppies were very tired.,,
test-00287-clean,Those puppies were very tired.,were,Those puppies were very tired.,Those puppies were very tired.,,
test-00288-error,"Alex chose the blue coat. Later, Alex carried the purple coat. Its color had not changed. It was early in the morning.",purple,"Alex chose the blue coat. Later, Alex carried the blue coat. Its color had not changed. It was early in the morning.","Alex chose the blue coat. Later, Alex carried the blue coat. Its color had not changed. It was early in the morning.",,
test-00288-clean,"Alex chose the blue coat. Later, Alex carried the blue coat. Its color had not changed. It was early in the morning.",blue,"Alex chose the blue coat. Later, Alex carried the blue coat. Its color had not changed. It was early in the morning.","Alex chose the blue coat. Later, Alex carried the blue coat. Its color had not changed. It was early in the morning.",,
test-00289-error,Ana placed a toy beside the tree. That toy remained under the tree. Nobody had moved it. It was a quiet day.,under,Ana placed a toy beside the tree. That toy remained in the tree. Nobody had moved it. It was a quiet day.,Ana placed a toy beside the tree. That toy remained under the tree. Nobody had moved it. It was a quiet day.,,
test-00289-clean,Ana placed a toy beside the tree. That toy remained beside the tree. Nobody had moved it. It was a quiet day.,beside,Ana placed a toy beside the tree. That toy remained in the tree. Nobody had moved it. It was a quiet day.,Ana placed a toy beside the tree. That toy remained beside the tree. Nobody had moved it. It was a quiet day.,,
test-00290-error,"After lunch, Sam had not eaten all day. At that moment, Sam seemed full. The empty stomach growled. It was early in the morning.",full,"After lunch, Sam had not eaten all day. At that moment, Sam seemed very sad. The empty stomach growled. It was early in the morning.","After lunch, Sam had not eaten all day. At that moment, Sam seemed very. The empty stomach growled. It was early in the morning.",,
test-00290-clean,"After lunch, Sam had not eaten all day. At that moment, Sam seemed hungry. The empty stomach growled. It was early in the morning.",hungry,"After lunch, Sam had not eaten all day. At that moment, Sam seemed very sad. The empty stomach growled. It was early in the morning.","After lunch, Sam had not eaten all day. At that moment, Sam seemed hungry. The empty stomach growled. It was early in the morning.",,
test-00291-error,"After lunch, Nora emptied a box completely. At that moment, the box seemed full. There was nothing left inside. The sun was shining.",full,"After lunch, Nora emptied a box completely. At that moment, the box seemed very empty. There was nothing left inside. The sun was shining.","After lunch, Nora emptied a box completely. At that moment, the box seemed very empty. There was nothing left inside. The sun was shining.",,
test-00291-clean,"After lunch, Nora emptied a box completely. At that moment, the box seemed empty. There was nothing left inside. The sun was shining.",empty,"After lunch, Nora emptied a box completely. At that moment, the box seemed empty. There was nothing left inside. The sun was shining.","After lunch, Nora emptied a box completely. At that moment, the box seemed very empty. There was nothing left inside. The sun was shining.",,
test-00292-error,A boy named Rose came by. She found a little ball. It was early in the morning.,She,A boy named Rose came by. He found a little ball. It was early in the morning.,A boy named Rose came by. He found a little ball. It was early in the morning.,,
test-00292-clean,A boy named Rose came by. He found a little ball. It was early in the morning.,He,A boy named Rose came by. He found a little ball. It was early in the morning.,A boy named Rose came by. He found a little ball. It was early in the morning.,,
test-00293-error,"Last week, Leo walk before going home.",walk,"Last week, Leo walk before going home.","Last week, Leo promised before going home.",,
test-00293-clean,"Last week, Leo walked before going home.",walked,"Last week, Leo walked before going home.","Last week, Leo promised before going home.",,
test-00294-error,"The coat was painted green. Later, Alex carried the purple coat. Its color had not changed. The sun was shining.",purple,"The coat was painted green. Later, Alex carried the purple coat. Its color had not changed. The sun was shining.","The coat was painted green. Later, Alex carried the blue coat. Its color had not changed. The sun was shining.",,
test-00294-clean,"The coat was painted green. Later, Alex carried the green coat. Its color had not changed. The sun was shining.",green,"The coat was painted green. Later, Alex carried the green coat. Its color had not changed. The sun was shining.","The coat was painted green. Later, Alex carried the blue coat. Its color had not changed. The sun was shining.",,
test-00295-error,Finn placed a box beside the chair. That box remained above the chair. Nobody had moved it. A little bird sang nearby.,above,Finn placed a box beside the chair. That box remained above the chair. Nobody had moved it. A little bird sang nearby.,Finn placed a box beside the chair. That box remained on the chair. Nobody had moved it. A little bird sang nearby.,,
test-00295-clean,Finn placed a box beside the chair. That box remained beside the chair. Nobody had moved it. A little bird sang nearby.,beside,Finn placed a box beside the chair. That box remained beside the chair. Nobody had moved it. A little bird sang nearby.,Finn placed a box beside the chair. That box remained on the chair. Nobody had moved it. A little bird sang nearby.,,
test-00296-error,"After lunch, Zoe had not eaten all day. At that moment, Zoe seemed full. The empty stomach growled. A friend was waiting.",full,"After lunch, Zoe had not eaten all day. At that moment, Zoe seemed full. The empty stomach growled. A friend was waiting.","After lunch, Zoe had not eaten all day. At that moment, Zoe seemed very sad. The empty stomach growled. A friend was waiting.",,
test-00296-clean,"After lunch, Zoe had not eaten all day. At that moment, Zoe seemed hungry. The empty stomach growled. A friend was waiting.",hungry,"After lunch, Zoe had not eaten all day. At that moment, Zoe seemed hungry. The empty stomach growled. A friend was waiting.","After lunch, Zoe had not eaten all day. At that moment, Zoe seemed very sad. The empty stomach growled. A friend was waiting.",,
test-00297-error,"One day, Alex turned off the only lamp. At that moment, the room seemed bright. There was no light in the room. It was early in the morning.",bright,"One day, Alex turned off the only lamp. At that moment, the room seemed bright. There was no light in the room. It was early in the morning.","One day, Alex turned off the only lamp. At that moment, the room seemed very dull. There was no light in the room. It was early in the morning.",,
test-00297-clean,"One day, Alex turned off the only lamp. At that moment, the room seemed dark. There was no light in the room. It was early in the morning.",dark,"One day, Alex turned off the only lamp. At that moment, the room seemed very dull. There was no light in the room. It was early in the morning.","One day, Alex turned off the only lamp. At that moment, the room seemed dark. There was no light in the room. It was early in the morning.",,
test-00298-error,A boy named Lily came by. She found a little ball. A friend was waiting.,She,A boy named Lily came by. He found a little ball. A friend was waiting.,A boy named Lily came by. He had found a little ball. A friend was waiting.,,
test-00298-clean,A boy named Lily came by. He found a little ball. A friend was waiting.,He,A boy named Lily came by. He had found a little ball. A friend was waiting.,A boy named Lily came by. He found a little ball. A friend was waiting.,,
test-00299-error,Finn found a umbrella for a friend. A little bird sang nearby.,a,Finn found a pretty umbrella for a friend. A little bird sang nearby.,Finn found a umbrella for a friend. A little bird sang nearby.,,
test-00299-clean,Finn found an umbrella for a friend. A little bird sang nearby.,an,Finn found an umbrella for a friend. A little bird sang nearby.,Finn found a pretty umbrella for a friend. A little bird sang nearby.,,
